chargeback_id,transaction_id,merchant_id,amount,chargeback_date
1,11195,77,846.71,14-08-2024
2,41329,109,2155.82,26-08-2025
3,11903,91,3506.46,14-01-2025
4,32594,139,3103.49,17-06-2025
5,49366,142,410.85,12-09-2025
6,54808,54,5895.93,10-08-2025
7,55074,124,1410.99,21-10-2024
8,48167,137,2809.51,17-06-2025
9,29665,152,3087.04,21-06-2025
10,56898,17,984.87,01-08-2025
11,43203,176,1937.03,25-06-2024
12,55427,115,1402.77,09-12-2025
13,37671,168,2210.29,29-07-2024
14,6113,84,6216.99,22-10-2025
15,7515,89,2226.26,11-02-2025
16,12441,129,4004.67,06-02-2024
17,27657,190,1640.85,01-01-2024
18,12165,145,9324.14,06-06-2025
19,38712,38,3757.89,20-09-2025
20,1367,149,1388,22-03-2025
21,614,21,914.35,23-11-2024
22,2145,96,1424.97,22-12-2025
23,16576,181,4413.08,06-01-2024
24,23173,128,1981.88,19-01-2024
25,20164,55,2731.63,10-02-2024
26,25069,77,10131.65,28-02-2024
27,51308,97,1339.12,10-08-2024
28,6754,138,3773.03,10-08-2024
29,52462,31,1597.29,03-12-2025
30,48272,196,5498.05,25-12-2024
31,14067,106,67.08,26-08-2024
32,50834,20,4079.2,23-04-2024
33,16901,157,4941.86,27-12-2025
34,44287,4,3957.39,09-06-2024
35,9576,87,1123.89,03-06-2024
36,31449,72,2134.01,01-10-2024
37,32163,91,1791.85,27-05-2025
38,36175,124,340.55,09-10-2024
39,36338,184,2635.36,27-07-2024
40,42116,113,1282.72,28-08-2024
41,21678,1,1948.62,24-05-2024
42,54430,176,3890.66,08-05-2025
43,2529,112,2876.83,28-10-2025
44,12518,3,1043.36,10-09-2025
45,21700,123,4963.03,24-11-2024
46,40617,76,2679.04,04-12-2024
47,11382,28,1675.37,19-08-2025
48,46240,152,7465.99,13-08-2024
49,53804,137,55.51,15-04-2024
50,22365,178,2677.4,04-03-2025
51,37099,183,3811.89,11-07-2024
52,52593,50,873.7,02-07-2025
53,19029,72,5893.38,17-08-2025
54,55431,1,2493.92,01-10-2024
55,58244,88,1579.31,24-12-2025
56,45569,8,5700.24,16-10-2025
57,15288,78,1687.12,03-02-2025
58,55900,190,1952.54,03-08-2025
59,50319,183,6175.43,11-06-2025
60,3140,43,2125.51,12-03-2024
61,49140,91,3801.56,25-12-2025
62,46216,63,4370.6,06-09-2025
63,11611,103,2687.88,22-11-2025
64,32780,91,1773.69,29-08-2024
65,33327,104,3140.38,18-09-2024
66,17735,198,664.91,15-07-2024
67,25800,92,3893.62,17-07-2025
68,28027,11,6283.85,29-03-2025
69,27803,150,4016.36,14-03-2024
70,37601,89,513.26,22-09-2025
71,41307,125,788.36,07-12-2025
72,36758,52,3281.62,21-05-2025
73,13606,82,178.39,21-12-2025
74,52567,101,4839.84,06-03-2024
75,10776,19,4147.99,09-12-2025
76,54202,41,5135.88,29-11-2025
77,48218,140,4146.85,27-06-2024
78,56945,48,318.42,02-01-2025
79,36311,71,1750.86,19-05-2025
80,53536,99,4183.98,08-12-2024
81,42645,191,6192.79,28-05-2024
82,54319,21,3877.01,27-05-2025
83,55278,77,616.2,22-11-2025
84,28617,89,7005.26,13-09-2025
85,42940,133,2415.99,01-06-2024
86,48893,183,3094.3,12-05-2024
87,8560,22,1496.64,17-04-2024
88,4721,94,5728.32,02-07-2025
89,58189,95,1110.94,23-06-2024
90,31018,38,814.08,02-06-2025
91,47416,94,3543.94,30-08-2024
92,17997,96,612.56,21-06-2024
93,4847,2,671.57,18-01-2024
94,44790,141,4103.51,23-12-2024
95,19286,3,646.02,17-05-2025
96,34236,115,709.16,05-10-2025
97,38459,107,11240.47,15-04-2025
98,420,122,4388,01-05-2024
99,31833,110,1998.93,02-04-2025
100,1837,53,3839.22,10-04-2025
101,16088,145,4292.09,05-09-2024
102,5477,131,387.32,19-06-2025
103,50758,45,3153.3,02-07-2025
104,9260,82,7479.9,04-02-2024
105,19585,90,1167.8,22-03-2025
106,28096,56,4532.09,26-04-2024
107,27840,47,349.57,14-01-2024
108,20418,117,1217.64,03-02-2024
109,2993,69,1904.28,29-04-2025
110,7693,71,3429.93,20-10-2025
111,34778,45,584.91,04-06-2024
112,442,145,3066.49,25-03-2024
113,39460,184,5316.16,11-07-2025
114,36035,130,2659.57,30-06-2024
115,22777,6,1315.69,06-03-2024
116,16552,122,5828.57,18-03-2024
117,39983,26,2808.33,19-02-2025
118,49129,93,899.81,06-09-2025
119,13801,153,3676.11,23-03-2025
120,26837,131,6318.14,31-05-2025
121,8159,79,428.75,31-08-2024
122,34387,51,4154.97,29-05-2024
123,51468,37,6613.3,05-11-2025
124,57544,133,4997.01,26-11-2024
125,48716,106,6155.85,08-12-2025
126,16703,25,2460.79,15-11-2025
127,51370,176,5896.19,07-03-2025
128,20623,186,583.57,03-05-2024
129,37305,163,1130.46,31-01-2025
130,48335,153,5840.28,25-05-2025
131,4542,157,4719.34,26-09-2024
132,33026,98,5124.78,12-05-2024
133,5784,90,1619.51,30-05-2024
134,25612,174,2365.06,22-04-2025
135,57949,166,1440.59,23-12-2024
136,31873,167,820.13,15-06-2025
137,24387,44,968.27,06-03-2025
138,22120,175,2783.91,06-05-2025
139,9891,135,2611.99,06-02-2025
140,19058,139,2537.25,27-05-2024
141,3844,64,4703.22,20-06-2025
142,20893,191,4043.75,30-07-2025
143,7075,150,4142.19,30-03-2024
144,8053,101,3567.71,16-08-2025
145,28565,122,1647.48,09-06-2024
146,47608,151,1484.45,19-09-2025
147,3832,50,3272.14,13-05-2025
148,16455,107,726.87,20-09-2024
149,41619,10,1020.94,14-03-2024
150,36942,187,4356.62,23-10-2024
151,56251,165,4598.52,15-12-2025
152,56383,150,254.42,04-12-2024
153,46188,53,3934.77,16-09-2024
154,4006,68,8540.72,22-04-2025
155,55729,185,4671.73,25-08-2024
156,12745,96,2019.27,03-09-2024
157,40596,123,5043.97,10-02-2024
158,32998,87,2738.28,23-02-2025
159,11206,45,2463.74,22-03-2024
160,5531,42,4826.1,18-05-2024
161,39360,45,5742.79,26-06-2024
162,39711,189,639.76,13-12-2024
163,54936,133,2035.75,24-10-2024
164,22180,84,610.23,11-10-2024
165,10954,78,4848.6,24-03-2025
166,50802,47,2161.64,25-04-2024
167,42190,88,641.22,07-08-2025
168,26945,54,3786.96,30-05-2025
169,12952,184,666.62,06-08-2024
170,23741,151,2036.35,10-05-2024
171,2545,184,3054.88,01-11-2025
172,47070,12,1026.26,23-07-2025
173,28271,74,6604.43,02-04-2024
174,51598,117,4961.18,12-03-2025
175,48607,175,9200.02,27-10-2024
176,42628,19,7558.14,28-05-2025
177,10393,172,2357.78,12-04-2024
178,9401,171,4309.84,03-01-2024
179,22387,171,2082.27,14-09-2025
180,53173,98,3313.36,30-09-2024
181,13259,36,767.67,07-10-2024
182,36573,43,2625.55,30-10-2025
183,41446,120,2545.57,06-01-2024
184,20677,186,1353.85,27-01-2025
185,36852,146,3099.64,25-11-2025
186,14695,165,982.44,03-01-2025
187,50060,88,4773.74,10-01-2024
188,59274,106,2184.07,25-08-2025
189,44069,163,5406.55,28-02-2025
190,42662,171,2162.29,23-03-2024
191,27368,195,1088.43,26-06-2024
192,25484,2,3558.62,07-09-2024
193,1204,46,1375.47,31-10-2025
194,56698,185,4946.63,21-06-2024
195,50577,94,1944.44,28-01-2024
196,20622,178,3812.36,28-05-2025
197,17978,199,369.75,29-05-2024
198,5976,83,2117.9,17-11-2025
199,37167,162,2696.7,07-10-2025
200,17860,200,2590.56,25-11-2025
201,17391,32,150.65,25-11-2024
202,40845,27,7313.85,23-03-2024
203,38740,36,509.04,06-02-2025
204,33394,200,1309.14,29-09-2024
205,36293,146,2138.07,21-01-2024
206,19318,179,3888.59,19-05-2024
207,14552,2,3019.59,14-02-2025
208,16383,9,954.73,04-02-2024
209,29021,125,1510.54,15-01-2025
210,1906,91,2399.56,21-05-2025
211,56972,174,1505.71,17-05-2025
212,20673,44,6179,20-05-2025
213,12920,46,1170.32,25-10-2024
214,59884,119,2078.57,02-11-2025
215,46708,95,3788.84,03-02-2024
216,45243,142,6889.96,03-12-2025
217,51476,176,4505.74,15-02-2024
218,24731,118,2276.76,20-05-2024
219,29834,111,2834.11,09-02-2024
220,57336,186,2863.9,07-04-2024
221,32413,3,4647.2,24-01-2024
222,25443,110,1460.88,16-09-2024
223,27831,181,2363.43,20-01-2025
224,28393,126,3672.79,23-06-2024
225,21834,135,1820.28,14-02-2025
226,33074,132,1014.65,27-09-2025
227,38731,70,1608.32,11-03-2025
228,15548,20,3874.39,15-08-2024
229,42031,94,1817.2,01-07-2024
230,54251,63,4707.92,25-09-2024
231,11155,121,1982.56,28-04-2024
232,28108,177,2890.07,23-04-2025
233,48649,105,3064.58,04-08-2024
234,11709,49,597.52,21-10-2025
235,6876,176,5877.14,01-07-2024
236,19994,38,167.38,15-09-2025
237,28078,148,3231.91,16-05-2024
238,8401,86,1080.34,17-07-2024
239,23925,1,1902.94,08-01-2025
240,32383,108,247.06,24-07-2025
241,310,64,2069.91,08-11-2024
242,9678,51,869.89,03-03-2025
243,25742,6,1454.67,03-11-2025
244,17027,81,3110.49,15-08-2024
245,25999,137,865.58,15-10-2025
246,34219,169,1427.61,23-07-2024
247,44420,99,1812.17,23-01-2025
248,48505,10,1389.62,29-07-2024
249,44645,90,3149.48,11-01-2025
250,57080,141,4936.38,12-11-2024
251,5207,29,2814,10-12-2025
252,37716,137,1109.79,03-06-2024
253,33118,78,809.34,10-08-2024
254,37063,33,2214.25,22-09-2024
255,25470,44,1414.71,03-02-2025
256,41926,154,1597.02,14-05-2025
257,5638,177,2661,09-05-2024
258,48106,84,736.15,12-08-2025
259,56810,135,766.39,16-03-2024
260,49271,10,7256.94,19-05-2024
261,23579,171,2249.97,25-08-2024
262,35551,81,1332.64,09-09-2024
263,2958,94,1139.54,26-11-2025
264,1413,162,1475.69,29-07-2024
265,15594,14,363.8,17-01-2025
266,21353,95,1804.52,05-02-2024
267,39020,140,3551.05,15-03-2025
268,31142,123,973.69,27-05-2024
269,3879,115,2574.49,10-07-2024
270,37650,28,4812.19,30-09-2024
271,39350,101,5975.74,26-10-2024
272,45995,144,1088.11,12-11-2024
273,32288,52,3659.2,22-11-2025
274,44662,30,3722.69,04-04-2024
275,57378,23,4248,04-09-2025
276,7905,97,4991.56,02-06-2025
277,45988,21,2206.97,15-02-2025
278,19168,113,2187.82,12-05-2024
279,39120,174,3007.11,27-06-2024
280,7087,166,6609.95,23-09-2025
281,49410,76,2488.71,02-10-2024
282,32461,41,4466.57,24-11-2024
283,18565,156,5712.47,11-02-2024
284,54292,112,1221.11,11-01-2025
285,10750,141,1484.23,30-06-2024
286,37695,155,2532.43,27-01-2024
287,48387,172,2869.62,06-05-2025
288,7295,127,1472.76,23-01-2024
289,2759,75,3095.64,05-01-2025
290,21401,30,2344.26,29-02-2024
291,11653,89,6282.99,28-07-2024
292,609,97,2520.59,25-07-2024
293,43886,90,2996.46,13-08-2025
294,52211,174,3768.02,01-12-2024
295,24086,44,1556.24,10-02-2025
296,27864,80,1587.02,18-05-2025
297,6861,114,2668.39,18-06-2024
298,23988,170,3683.89,27-01-2024
299,34301,136,4427.3,24-01-2024
300,8607,43,3905.13,12-08-2024
301,20574,128,2156.89,25-02-2025
302,21568,76,571.77,19-04-2025
303,30758,51,839,27-06-2024
304,12174,159,8801.72,22-01-2025
305,7380,122,1084.58,12-05-2025
306,37915,57,7642.37,04-12-2024
307,21757,192,453.38,09-03-2025
308,8846,103,2079.96,01-07-2024
309,23492,11,1219.01,01-08-2024
310,39912,50,1220.49,07-11-2024
311,17021,90,1721.72,05-09-2025
312,49414,188,2000.63,25-02-2025
313,849,45,956.3,15-10-2025
314,10861,136,1631.98,16-11-2025
315,22203,164,1609.86,03-10-2025
316,3652,113,3732.67,05-03-2024
317,47667,187,2891.89,20-06-2024
318,58488,35,1530.35,12-05-2024
319,3577,159,162.49,08-03-2024
320,44268,160,1142.11,20-06-2025
321,34181,153,1087.14,17-06-2025
322,11977,167,1942.66,01-08-2025
323,16945,101,7342.53,31-01-2024
324,37826,174,3755.24,20-03-2024
325,18515,113,2517.68,05-04-2024
326,8177,27,2164.73,16-10-2024
327,11027,148,311.31,20-04-2025
328,2227,169,2342.12,17-01-2024
329,41007,56,1654.29,09-10-2024
330,59558,78,1743.65,16-02-2024
331,10774,34,5916.47,24-10-2024
332,9641,63,3131.54,13-01-2024
333,56380,158,1604.97,28-07-2024
334,38323,9,2581.84,12-10-2025
335,43355,26,7557.92,05-06-2024
336,9497,118,2676.33,31-08-2025
337,34882,166,987.86,30-03-2024
338,52854,151,3367.21,11-02-2025
339,40815,84,4460.31,03-11-2024
340,23894,181,1505.68,13-05-2024
341,36142,186,3501.31,02-02-2024
342,19672,174,1328.41,03-05-2025
343,54592,189,8987.31,09-09-2024
344,31307,82,7273.57,09-11-2025
345,11847,161,5108.25,18-08-2024
346,44146,180,752.12,17-02-2025
347,46351,129,7448.86,03-10-2025
348,7904,186,2479.04,24-12-2024
349,58449,162,5306.99,23-10-2024
350,20121,157,2391.31,25-11-2024
351,27098,171,1475.85,18-12-2025
352,31340,5,1885.39,13-07-2024
353,17709,159,774.43,15-04-2025
354,56311,116,3289.7,09-12-2025
355,41126,178,3827.06,02-11-2025
356,20595,118,998.54,02-05-2024
357,43520,91,3006.13,07-02-2025
358,59614,192,2266.23,09-08-2025
359,20342,15,3648.23,16-08-2025
360,50325,86,355.32,01-08-2024
361,43637,20,2197.95,05-05-2025
362,33978,179,2197.93,11-10-2024
363,18817,26,1281.8,06-04-2024
364,51087,109,5518.85,30-08-2024
365,55466,42,4879.14,11-03-2025
366,12021,141,2082.35,02-10-2024
367,8796,92,371.88,05-07-2025
368,38284,100,1023.96,29-09-2024
369,4233,75,5769.26,15-12-2025
370,43501,99,5576.45,18-05-2025
371,22371,43,2138.42,26-09-2024
372,29290,168,2568.28,23-01-2025
373,28531,112,2684.82,05-03-2025
374,49709,23,5877.6,29-09-2024
375,33082,42,1291.71,05-09-2024
376,1614,146,1018.61,31-03-2024
377,2489,133,4776.31,02-04-2025
378,9473,136,5133.29,27-07-2024
379,18,17,7692.65,15-04-2024
380,26053,104,1420.47,15-01-2025
381,6537,11,2129.61,11-09-2025
382,24050,127,814.91,30-07-2024
383,9870,76,2169.64,05-07-2025
384,37786,177,1336.33,12-01-2025
385,25631,191,7368.99,17-11-2025
386,26678,43,10148.57,20-08-2025
387,38668,147,2787.77,07-09-2025
388,48424,163,4177.17,26-12-2024
389,43454,174,5031.86,17-12-2024
390,17457,139,1232.09,04-11-2025
391,12390,109,11762.67,12-05-2024
392,44489,8,2376.53,02-09-2024
393,42296,105,5576.3,31-05-2024
394,43316,25,1570.02,27-04-2025
395,57816,184,3222.57,12-08-2025
396,8865,50,6144.03,06-06-2025
397,55363,100,4956.67,26-03-2025
398,39806,129,1697.05,23-04-2024
399,30826,56,4467.36,30-10-2024
400,13770,147,6282.38,10-11-2025
401,17831,160,3586.55,03-02-2024
402,6349,135,1593.04,06-08-2025
403,41189,148,1094.46,21-05-2025
404,20381,164,4519.1,07-02-2025
405,32627,53,349.15,18-10-2024
406,21675,173,1007.69,02-07-2025
407,50905,32,6375.88,26-04-2024
408,18351,88,2487.83,06-06-2025
409,50700,19,3739.94,22-11-2025
410,5393,6,491.67,10-02-2025
411,43523,129,5252.88,18-10-2024
412,9316,17,8210.17,28-03-2024
413,47347,97,969.62,03-09-2024
414,51056,153,5511.52,17-03-2025
415,59021,104,2186.26,04-06-2025
416,29572,141,2076.55,09-05-2024
417,50137,156,2300.2,10-01-2025
418,28974,129,5392.52,05-10-2024
419,56568,33,1962.24,13-12-2024
420,24248,44,4650.17,02-03-2025
421,17435,186,2151.5,12-04-2024
422,8589,7,4726.06,24-02-2025
423,29807,183,1344.37,26-01-2025
424,20286,160,1787.75,10-08-2025
425,56985,123,1992.07,25-04-2025
426,36352,47,8992.21,08-06-2025
427,42026,49,2603.18,24-02-2025
428,46088,168,857.38,22-07-2024
429,7166,106,758.71,29-01-2025
430,51537,55,6580.06,16-03-2025
431,41367,97,2606.88,09-09-2025
432,45784,2,1865.39,12-12-2025
433,31697,82,4471.01,17-09-2024
434,43290,144,5733.12,11-03-2024
435,48081,125,4264.39,07-05-2024
436,45506,58,276.36,26-06-2024
437,40148,126,366.24,28-04-2025
438,59810,77,2053.49,29-10-2025
439,13837,153,3014.57,26-08-2024
440,22696,138,1216.88,09-02-2024
441,37202,84,2563.09,01-02-2024
442,31396,42,5514.3,27-10-2024
443,13345,25,6298.99,08-12-2025
444,21222,65,861.1,31-07-2024
445,23543,28,3857.91,28-05-2025
446,45986,160,2415.38,08-02-2025
447,46483,175,2114.24,24-01-2025
448,37811,167,461.93,21-04-2024
449,34019,149,4271.71,25-05-2025
450,25880,80,1618.64,02-08-2025
451,8707,188,5038.57,20-01-2025
452,8461,109,5253,11-04-2025
453,16639,178,10208.3,12-05-2025
454,1080,62,3114.15,25-03-2024
455,4760,64,3048.43,02-02-2024
456,48895,62,1233.83,19-04-2024
457,56147,114,7288.17,04-02-2025
458,57950,167,1404.35,17-08-2025
459,29670,16,1209.55,07-02-2025
460,9097,40,3402.58,30-10-2024
461,33863,68,309.32,12-05-2025
462,12718,69,1881.66,20-04-2025
463,28163,54,5528.78,05-11-2025
464,18662,80,1222.23,23-10-2024
465,29959,149,1375.79,06-12-2024
466,55879,105,1973.04,16-03-2024
467,24249,80,1074.26,04-04-2024
468,38510,16,6556.14,16-01-2025
469,32346,38,553.03,04-09-2025
470,41607,183,2640.5,22-04-2025
471,24430,10,5384.01,08-05-2025
472,46461,139,1932.86,29-10-2024
473,12851,174,3995.23,22-05-2025
474,16622,137,4401.33,25-04-2025
475,59929,135,2798.17,10-03-2025
476,6644,16,2785.76,27-04-2025
477,8259,11,2932.5,16-12-2024
478,21098,73,3034.35,02-06-2025
479,51571,10,2022.85,21-09-2024
480,44624,117,300.36,03-07-2024
481,7509,131,1759.5,29-10-2024
482,59074,16,947.89,10-08-2024
483,2243,6,4240.46,28-06-2024
484,10396,156,901.23,29-12-2025
485,6471,68,1855.95,18-03-2024
486,26217,158,2481.42,28-11-2025
487,5549,36,4233.71,18-09-2024
488,18666,27,2981.04,12-04-2025
489,53455,155,4006.17,18-02-2025
490,2265,121,2251.24,13-06-2024
491,43617,150,3743.7,06-02-2024
492,40272,186,8374.39,08-03-2024
493,29472,78,1220.29,15-01-2024
494,12231,66,616.65,30-01-2024
495,25075,150,2622.32,01-03-2025
496,15152,3,232.46,17-03-2025
497,41286,126,7897.06,27-12-2025
498,33549,148,1259.26,18-09-2024
499,12208,124,5734.5,06-11-2024
500,39072,89,3025.38,25-12-2024
501,47867,158,7329.94,01-01-2024
502,55103,39,6806.16,21-07-2025
503,21540,186,689.71,02-05-2024
504,18082,134,6948.34,10-07-2025
505,35379,9,3709.94,29-03-2025
506,21329,103,3907.94,19-10-2024
507,13504,65,1832.27,22-04-2024
508,54472,173,1899.85,14-02-2024
509,637,110,1567.76,27-02-2025
510,40445,5,1642.23,25-09-2025
511,12315,164,4061.16,07-08-2025
512,51340,195,1198.99,22-08-2025
513,59582,156,6370.84,10-03-2024
514,24971,88,1457.91,19-01-2024
515,24869,108,7881.63,24-06-2024
516,50694,92,1245.64,10-11-2025
517,876,162,1428.88,11-01-2025
518,43948,152,874.15,10-05-2024
519,47006,28,5459.66,31-03-2024
520,56472,160,3913.36,13-03-2025
521,768,29,1180.93,02-02-2025
522,40194,198,4066.35,27-08-2025
523,54279,147,2365.49,09-05-2024
524,4041,59,5467.69,28-09-2025
525,58553,81,566.03,14-05-2025
526,18625,187,2552.21,02-05-2024
527,42832,151,558.38,01-01-2025
528,2924,17,3410.73,02-08-2024
529,50073,42,2540.6,31-12-2024
530,40380,51,786.9,23-03-2024
531,19193,88,1352.01,23-08-2024
532,21868,63,1863.16,29-03-2025
533,28184,190,3608.87,08-11-2024
534,28242,26,4682.7,21-03-2024
535,24527,165,806.02,09-12-2024
536,33157,93,1457.68,06-01-2025
537,29594,96,2371.9,29-09-2025
538,50907,189,5225.67,09-06-2025
539,54876,143,9569.75,15-04-2025
540,19226,118,1928.21,21-01-2025
541,36208,85,1342.11,10-10-2025
542,2396,83,1868.4,11-12-2025
543,49736,30,4202.7,01-11-2024
544,49340,107,7236.15,18-10-2025
545,18321,194,3407.59,06-01-2024
546,56145,61,2320.04,17-09-2025
547,15296,14,1326.35,09-08-2024
548,25493,23,1922.55,31-03-2024
549,27271,78,1479.33,07-09-2025
550,44771,128,4446.97,09-09-2024
551,34666,88,11940.4,29-12-2024
552,20002,186,7677.39,25-05-2024
553,15992,135,10930.02,10-09-2025
554,14105,59,4967.48,09-10-2024
555,10151,171,1308.58,30-06-2024
556,45974,13,4765.66,01-05-2025
557,35247,40,1871.35,01-09-2025
558,19647,148,2268.68,23-12-2024
559,29201,147,1243.46,18-02-2025
560,40409,117,7195.82,15-05-2025
561,16163,90,3918.16,06-05-2024
562,44495,90,5132.04,15-06-2025
563,8307,7,1029.83,10-12-2024
564,45500,188,1818.4,21-12-2024
565,10767,44,2610.41,24-10-2025
566,10020,116,2372.24,09-07-2025
567,52670,176,3098.71,13-09-2025
568,32205,94,1252.47,22-11-2025
569,8952,188,1665.72,02-11-2025
570,52793,114,5285.75,01-04-2025
571,50488,28,1949.19,21-04-2024
572,45101,185,4326.51,25-06-2025
573,41721,42,2893.8,18-11-2025
574,166,139,1259.46,12-04-2024
575,41548,157,1217.47,16-08-2024
576,7581,23,2117.33,11-08-2024
577,40259,154,9291.63,22-04-2024
578,8675,7,2804.67,26-01-2024
579,58424,110,2840.8,08-12-2025
580,28638,56,6933.64,08-01-2024
581,7031,125,4626.48,15-09-2024
582,23790,71,6915.8,15-03-2025
583,1020,98,4091.27,10-04-2024
584,57922,80,1074,19-03-2024
585,17902,147,2693.2,14-12-2024
586,3575,88,4095.37,12-12-2024
587,729,166,3739.24,30-07-2024
588,42855,191,2862.71,18-02-2024
589,22400,94,818.34,24-02-2025
590,21620,168,3518.91,12-03-2024
591,59563,183,1631.66,22-06-2025
592,28772,72,3765.97,24-03-2024
593,26979,4,3712.69,04-03-2024
594,51110,108,7475.63,22-01-2024
595,38435,187,2251.13,01-11-2024
596,8518,78,2757.28,02-08-2025
597,29976,181,3404.95,12-10-2025
598,12733,47,1985.83,11-10-2024
599,8976,130,895.18,16-01-2025
600,40728,148,2233.77,13-07-2024
601,54237,76,2651.5,11-07-2025
602,4938,153,3330.02,14-12-2024
603,52136,122,3128.3,22-10-2025
604,44704,105,5104.44,02-02-2024
605,53096,152,7063.76,06-06-2025
606,22989,143,314.61,14-09-2025
607,4587,88,2004.02,15-03-2025
608,53730,36,1822.13,31-05-2024
609,58210,112,4054.32,31-07-2025
610,34594,126,4413.48,10-01-2024
611,15862,162,2108.21,19-05-2024
612,50732,144,1797.28,04-08-2024
613,52518,190,4499.53,11-11-2024
614,27913,85,5862.4,08-10-2024
615,49355,76,3849.3,18-12-2025
616,51944,169,956.31,25-04-2024
617,50247,173,3136.29,25-08-2024
618,39044,128,2925.85,07-06-2025
619,32496,189,709,30-08-2024
620,38940,15,327.94,13-06-2024
621,30668,138,937.09,10-07-2024
622,44053,73,9428.98,15-10-2024
623,13057,76,2521.53,19-10-2025
624,45385,172,1441.06,03-07-2025
625,27879,2,2925.7,16-09-2024
626,57483,175,888.03,14-01-2024
627,55614,192,918.66,03-09-2024
628,29661,182,934.9,27-02-2025
629,58056,39,2523.78,18-07-2025
630,34349,162,1508.11,28-02-2025
631,2273,153,1833.4,19-03-2024
632,53708,83,2608.56,30-12-2024
633,11263,115,1680.79,07-04-2024
634,18602,177,2469.16,12-12-2025
635,24989,137,2146.98,03-03-2025
636,58350,94,4777.63,13-08-2025
637,54620,93,864.58,12-01-2025
638,13558,11,1344.57,14-03-2025
639,48128,153,2792.44,27-02-2024
640,10921,105,3246.94,19-03-2025
641,13783,25,1257.05,29-04-2024
642,18446,1,5147.95,09-03-2025
643,59042,147,224.54,08-02-2024
644,49955,47,2479.53,05-02-2024
645,37515,142,4800.06,03-06-2024
646,1230,61,2162.26,12-10-2024
647,48857,149,5669.68,24-11-2025
648,56314,191,6543.36,27-03-2024
649,46843,116,931.2,30-10-2024
650,34515,80,644.48,29-11-2024
651,49756,86,3887.6,01-05-2025
652,36878,33,3611.18,25-08-2024
653,21368,83,2668.92,05-06-2025
654,15029,27,12740.71,27-12-2025
655,34907,103,1870.6,08-05-2024
656,49685,150,2024.9,01-01-2024
657,15650,63,1672.42,16-07-2025
658,59890,103,451.6,05-04-2024
659,58756,37,5086.59,17-04-2025
660,20309,119,2556.96,21-02-2025
661,9126,47,3672.81,24-12-2024
662,44581,47,6389.92,16-02-2025
663,26020,44,6266.85,09-06-2025
664,21742,35,3774.65,30-06-2024
665,51339,107,6722.72,25-04-2025
666,38132,190,3718.41,07-07-2025
667,28590,196,3483.5,21-12-2024
668,43367,37,1707.99,18-10-2025
669,29200,34,2973.79,29-07-2025
670,54125,178,1777.97,04-03-2024
671,33931,191,5837.95,04-06-2025
672,9890,111,1277.27,22-07-2025
673,24151,148,819.14,20-02-2025
674,16044,128,2349.83,11-03-2024
675,46282,137,2265.98,17-07-2025
676,54502,188,1838.08,10-03-2025
677,38503,1,2782.47,09-05-2025
678,33725,22,1135.81,29-12-2025
679,11197,16,2481.27,13-12-2024
680,34903,182,487.09,10-02-2024
681,12702,22,2954.48,01-12-2024
682,49460,122,5310.52,17-05-2025
683,53320,117,7222.38,03-01-2025
684,20723,82,8480.63,02-10-2025
685,13833,37,2136.73,24-01-2024
686,12116,193,2957.71,13-02-2024
687,39254,122,51.98,22-05-2024
688,43063,74,4707.95,02-05-2025
689,36431,128,2706.84,29-05-2025
690,15240,135,3357.57,26-08-2024
691,3134,26,1654.02,25-07-2024
692,55153,93,4027.58,04-05-2025
693,4108,146,4555.68,30-05-2025
694,9821,154,5139.85,24-06-2025
695,22582,75,5401.25,04-10-2024
696,52274,65,294.29,06-12-2024
697,56839,85,3179.2,15-07-2025
698,5137,155,2639.13,29-05-2024
699,36657,175,3232.17,20-03-2024
700,18928,32,4110.09,05-08-2025
701,56866,140,6357.87,30-01-2024
702,15231,94,1491.71,28-07-2024
703,9483,98,3423.43,13-10-2025
704,17593,54,5567.83,10-06-2025
705,13157,38,1663.88,09-11-2025
706,15576,24,4978.26,07-08-2024
707,28121,44,6028.06,03-10-2024
708,24020,19,4525.17,25-05-2025
709,1609,74,1208.51,12-02-2024
710,14496,27,3467.84,21-10-2025
711,5996,60,339.9,19-01-2025
712,2246,51,602.61,09-09-2024
713,7878,142,4356.6,07-11-2024
714,16258,125,831.59,02-06-2024
715,9258,166,2583,22-01-2024
716,33985,52,884.25,29-10-2024
717,57664,32,1790.99,06-08-2024
718,44054,61,1388.27,31-10-2025
719,44506,130,424.73,25-10-2024
720,432,17,2942.78,12-08-2025
721,55567,7,6059.37,11-07-2024
722,16447,89,1115.97,23-10-2024
723,13337,137,2773.84,26-04-2025
724,11252,87,2032.06,19-08-2024
725,30675,46,4643.4,18-11-2024
726,44266,22,3799.79,10-07-2025
727,53749,190,1554.44,01-08-2024
728,27259,132,2845.58,12-01-2025
729,50971,36,1490.26,15-12-2024
730,14839,166,4554.67,27-05-2025
731,57198,52,871.3,03-12-2025
732,9722,74,5119.42,04-10-2024
733,46056,186,716.91,30-07-2024
734,20477,110,1009.64,25-12-2025
735,37966,17,256.74,29-11-2024
736,22459,8,773.55,13-03-2025
737,1620,149,1686.28,09-03-2025
738,3980,17,1165.35,06-10-2024
739,45933,77,999.98,23-03-2025
740,53007,37,1609.97,09-11-2025
741,48585,132,1204.84,11-01-2025
742,4809,147,1360.24,09-12-2024
743,40764,57,2722.09,14-08-2025
744,13145,147,5253.06,30-04-2024
745,50784,5,2429.65,14-02-2025
746,30287,165,1136.77,08-08-2024
747,41732,160,3923.95,30-08-2025
748,38880,141,4747.17,09-06-2025
749,32605,37,3452.82,10-09-2025
750,3500,111,2341.76,08-04-2024
751,53058,136,576.58,25-08-2025
752,41681,195,572.81,03-12-2024
753,45615,199,710.18,27-09-2024
754,42037,143,2031.4,01-11-2025
755,56820,193,3124.06,09-03-2024
756,2378,147,3033.56,20-05-2024
757,50160,150,1024.96,07-10-2024
758,36365,196,3083.89,19-06-2025
759,38935,184,2140.18,10-06-2024
760,4836,101,5603.11,01-06-2024
761,1555,38,855.27,17-06-2024
762,56313,157,3235.17,19-01-2025
763,10948,7,1365.16,19-05-2025
764,29571,144,703.73,04-01-2024
765,57994,160,2116.26,21-08-2025
766,58029,191,3022.8,01-08-2024
767,652,136,260.07,23-01-2024
768,33934,35,9620.48,12-12-2025
769,27338,71,2284.89,25-11-2025
770,127,61,906.71,15-06-2025
771,13498,97,30.79,04-04-2024
772,54134,178,1794.35,09-09-2024
773,10206,154,705.55,09-06-2024
774,239,47,4036.61,07-07-2024
775,36178,97,548,02-03-2024
776,47555,164,553.43,26-12-2024
777,8831,154,9247.38,03-07-2025
778,20273,187,2647.92,01-03-2025
779,56483,179,734.76,19-01-2024
780,55769,11,964.27,11-09-2025
781,13206,127,6883.32,16-02-2024
782,42968,160,404.94,05-02-2025
783,55998,132,2344.7,31-03-2024
784,10100,176,1002.26,30-08-2025
785,59492,109,4019.46,07-09-2024
786,8757,126,2564.98,07-04-2025
787,20992,162,738.69,16-02-2025
788,18155,194,3515.04,03-08-2024
789,21770,11,4430.68,17-04-2024
790,17865,103,3489.22,21-09-2024
791,49679,46,3297.54,23-09-2025
792,50875,76,1258.18,22-08-2024
793,29003,16,2981.09,22-03-2025
794,42027,179,1653.99,16-03-2025
795,56261,157,4196.17,26-04-2025
796,3203,158,6965.72,06-11-2025
797,40183,41,1298.41,31-08-2024
798,40322,172,3087.68,22-05-2024
799,46992,172,718.3,17-07-2025
800,31998,26,2730.32,23-03-2025
801,6589,129,1705.59,11-10-2024
802,12002,59,1942.12,27-11-2024
803,12563,97,3401.74,26-03-2024
804,15689,101,1022.69,31-07-2025
805,30409,199,1393.09,19-04-2024
806,53225,13,2460.85,20-10-2025
807,56436,125,3391.34,25-10-2025
808,47048,162,1875.97,22-06-2024
809,26116,128,2164.08,07-04-2025
810,1911,156,905.03,06-05-2025
811,46521,125,2442.81,14-01-2025
812,29896,4,6486,23-05-2025
813,17295,17,881.57,22-11-2024
814,50102,27,3644.99,10-09-2024
815,6983,45,2761.6,04-10-2025
816,30798,150,1690.33,20-11-2025
817,30034,104,4110.21,19-12-2025
818,16263,85,8483.84,08-03-2024
819,41712,155,1297.17,16-01-2025
820,556,104,6061.63,14-05-2025
821,13726,166,6290.2,22-04-2024
822,35890,174,1812.39,29-11-2025
823,26215,69,7202.78,26-04-2024
824,47166,35,1754.2,04-04-2024
825,34884,93,6958.65,24-02-2025
826,6504,67,2913.36,13-04-2024
827,53772,64,2207.21,10-12-2025
828,3232,84,10714.12,16-03-2025
829,48624,3,2966.29,10-05-2025
830,9461,14,4032.98,23-06-2025
831,8741,127,3227.43,30-07-2024
832,5300,137,1543.42,27-03-2024
833,8747,82,4156.39,21-01-2024
834,33318,193,883.05,30-09-2024
835,30331,99,2370.85,08-01-2024
836,52618,17,2314.36,14-10-2025
837,16981,199,780.63,17-11-2025
838,35750,84,3614.23,28-12-2024
839,879,150,1716.78,25-07-2024
840,57495,4,2983.22,22-11-2025
841,31290,192,3399.91,09-04-2024
842,16077,189,479.64,25-05-2025
843,18494,26,3326.55,07-08-2025
844,24959,199,1469.69,15-11-2025
845,16971,27,2897.18,17-08-2025
846,54827,13,2231.74,15-03-2025
847,50685,7,1900.13,04-08-2024
848,59650,50,2338,10-12-2025
849,55405,63,918.37,15-05-2025
850,54515,190,10977.67,21-03-2025
851,39986,140,5862.81,10-01-2025
852,42078,120,493.79,12-12-2025
853,1677,141,3544,10-05-2024
854,59531,136,1516.79,19-11-2025
855,14210,165,2026.82,29-04-2024
856,42680,79,976.95,25-07-2024
857,16229,127,464.11,02-04-2024
858,1186,48,1221.18,27-10-2025
859,37391,35,3185.84,22-08-2024
860,22611,37,1493.61,27-01-2024
861,2589,140,6616.41,27-05-2024
862,59359,132,3144.35,20-01-2024
863,15465,9,3268.21,19-01-2024
864,15209,145,1821.83,31-07-2024
865,17933,7,2343.02,01-05-2024
866,29624,56,2544.62,11-02-2025
867,19142,156,734.53,15-07-2025
868,16841,69,2501,14-11-2024
869,14894,121,2208.55,06-04-2024
870,14411,74,299.04,30-07-2025
871,59131,122,5232.52,05-02-2025
872,4304,161,3711.16,06-07-2025
873,2189,21,1101.81,17-09-2025
874,10035,14,3323.59,15-03-2025
875,42582,40,3505.62,16-11-2025
876,11463,179,2588.6,16-11-2024
877,45802,183,654.4,07-12-2024
878,14625,198,418.68,21-07-2025
879,45464,58,6109.12,26-01-2025
880,36706,69,6623.2,08-10-2025
881,30929,194,1413.04,01-07-2025
882,44108,49,3451.53,20-07-2024
883,44911,134,3542.59,21-11-2025
884,56256,152,1283.02,14-11-2024
885,48267,100,3564.33,08-04-2024
886,8225,164,2801.82,09-02-2024
887,18234,113,639.28,03-03-2024
888,25568,89,4706.62,25-05-2025
889,3864,130,2222.29,08-10-2025
890,26120,97,698.12,24-11-2025
891,7587,84,1351.03,31-08-2025
892,15047,45,1153,21-03-2025
893,50275,134,345.36,01-10-2024
894,46526,181,3194.31,12-11-2025
895,54709,109,31.88,27-03-2024
896,17467,136,1915.62,18-02-2024
897,53262,75,9344.35,16-12-2025
898,38222,23,3676.43,04-03-2024
899,55995,142,5309.3,20-11-2025
900,21265,38,386.89,30-01-2025
901,51197,40,964.46,18-08-2025
902,3654,141,1718.29,03-11-2024
903,9360,78,3102.44,15-05-2024
904,57764,130,1508.49,12-01-2024
905,18740,104,3255.12,11-02-2024
906,18333,86,3893.91,10-12-2025
907,53057,181,1610.23,02-08-2024
908,45901,167,701.07,03-10-2025
909,20627,163,945.91,24-08-2024
910,27902,193,3541.33,23-11-2025
911,34952,137,2652.29,19-12-2024
912,31213,157,2628.91,15-10-2024
913,34892,196,2206.51,08-06-2025
914,26963,61,2319.4,07-08-2024
915,662,85,1980.65,19-08-2024
916,1598,139,2221.45,09-05-2024
917,16498,198,1026.81,23-08-2024
918,59516,168,1486.51,17-06-2025
919,37828,168,1380.13,19-06-2025
920,26550,166,6453.05,11-09-2025
921,53086,63,2812.01,31-12-2024
922,149,164,3178.55,09-08-2025
923,58913,78,3298.99,05-05-2024
924,10279,167,3524.2,25-10-2024
925,35080,163,5060.59,01-05-2024
926,16719,113,1131.15,25-07-2024
927,40016,142,3156.4,12-07-2025
928,16486,140,7584.89,02-06-2025
929,4926,105,2176.22,26-10-2024
930,52662,103,1126.33,08-12-2024
931,50524,111,1668.65,02-11-2025
932,39455,60,1723.32,23-12-2024
933,47492,55,3039.81,22-12-2025
934,45108,79,3459.78,11-12-2025
935,5708,17,2717.21,19-02-2025
936,55133,80,1921.66,10-12-2024
937,36905,131,8113.58,05-11-2025
938,14246,155,3052.99,03-12-2024
939,9301,2,1226.04,31-03-2024
940,12113,142,1226.03,11-02-2025
941,39036,29,1887.27,20-06-2024
942,52589,137,1526.88,07-05-2024
943,41763,185,1219.01,01-01-2025
944,46429,12,4344.16,12-02-2024
945,14602,28,1763.56,12-03-2024
946,46374,54,7505.06,01-07-2024
947,20452,31,2106.75,20-11-2025
948,9305,28,4048.91,13-04-2025
949,35473,76,2051.7,20-04-2025
950,35692,60,4434.5,11-04-2025
951,44761,127,1777.24,24-11-2025
952,19754,16,9266.38,20-05-2024
953,22075,86,4222.06,01-10-2024
954,13872,151,2006.77,12-12-2024
955,50255,44,7489.56,09-09-2025
956,29273,144,3082.83,02-10-2024
957,10491,60,3089.22,08-12-2024
958,29041,195,2038.12,10-04-2025
959,46979,55,3929.13,20-10-2024
960,44016,18,1280.57,13-01-2025
961,3087,68,2105.45,11-01-2025
962,35259,81,7525.23,21-04-2024
963,25945,22,1398.46,19-10-2025
964,27922,34,5197.28,01-03-2024
965,9865,70,1491.41,29-03-2024
966,11422,154,2625.66,30-12-2025
967,300,82,2488.18,15-12-2024
968,58566,118,3164.4,17-01-2024
969,25208,67,1143.33,13-01-2024
970,25853,27,1619.9,17-12-2024
971,15985,196,2551.49,18-07-2024
972,6372,10,3202.63,15-05-2025
973,2769,92,2245.93,10-08-2024
974,6255,187,5952.27,17-10-2025
975,50041,91,3975.44,25-01-2024
976,32571,197,2551.29,12-04-2025
977,47775,59,2785.48,03-03-2025
978,38657,155,4927.29,14-06-2025
979,17936,25,2982.7,17-08-2025
980,22904,2,2488.08,12-12-2024
981,37374,83,1195.35,19-01-2025
982,22657,181,5322.78,19-11-2024
983,37221,102,5982.43,11-06-2025
984,46854,38,3016.25,11-11-2025
985,7989,81,1957.92,13-11-2025
986,25272,57,488.92,11-07-2025
987,40744,190,4534.91,23-02-2025
988,48472,22,6767.33,03-04-2025
989,59415,140,6795.35,26-04-2024
990,49935,10,2154.37,20-03-2024
991,20791,8,4022.72,02-05-2025
992,56863,57,2466.31,02-03-2024
993,28313,15,6468.9,16-10-2024
994,28454,101,586.31,20-05-2024
995,57186,14,3540.26,07-10-2024
996,33577,122,940.75,11-04-2024
997,23789,186,4393.01,16-06-2025
998,32968,72,1765.05,20-05-2025
999,6822,86,7527.36,30-12-2025
1000,2258,145,1818.59,17-05-2024
1001,43174,182,4334.49,10-08-2024
1002,20448,161,3581.55,25-01-2024
1003,38727,132,4256.22,05-03-2025
1004,58298,116,4304.69,04-09-2024
1005,42567,35,723.94,11-01-2025
1006,39107,54,3810.48,27-08-2024
1007,22915,44,1798.39,15-08-2024
1008,17609,36,6398.01,07-08-2024
1009,14775,187,1797.95,28-10-2024
1010,53053,17,1342.55,17-12-2024
1011,51578,191,4438.52,09-09-2024
1012,28503,31,2806.18,04-06-2024
1013,14546,162,622.86,03-06-2024
1014,53938,163,1397.01,15-11-2024
1015,35715,97,4056.19,19-09-2024
1016,44991,161,2898.07,26-05-2025
1017,17927,192,194.47,21-08-2024
1018,19634,143,1113.13,19-03-2024
1019,47108,137,435.26,20-01-2025
1020,2345,119,2112.03,08-05-2025
1021,15872,142,1125.76,07-09-2025
1022,58020,85,1602.9,24-12-2025
1023,25831,118,4062.97,09-02-2024
1024,48311,4,3343.3,05-03-2024
1025,20915,69,1535.61,04-12-2025
1026,52772,15,3395.62,22-10-2025
1027,35396,132,5445.56,30-05-2024
1028,26898,146,4224.63,31-03-2024
1029,23985,167,2942.09,16-05-2024
1030,35940,87,5264.43,05-02-2024
1031,50903,173,3043.39,21-06-2025
1032,4425,33,1341.52,15-06-2024
1033,37229,42,4006.16,10-04-2024
1034,22778,48,1564.57,13-07-2024
1035,36391,81,1797.16,09-02-2024
1036,54768,60,2701.62,01-08-2025
1037,16036,144,4188.29,11-03-2024
1038,51217,118,1631.76,10-01-2024
1039,33457,44,5920.48,30-01-2024
1040,48970,97,9813.59,30-04-2024
1041,13704,77,2490.01,24-03-2025
1042,3729,34,3391.41,23-07-2024
1043,4443,199,2944.79,27-09-2025
1044,35700,85,2177.43,03-06-2024
1045,4357,27,2388.23,27-12-2024
1046,34765,169,1794.44,21-08-2025
1047,6185,136,2095.81,22-08-2025
1048,1669,86,6421.46,23-04-2025
1049,50423,83,520.5,25-06-2024
1050,21955,128,1711.77,30-01-2024
1051,25251,66,4789.14,05-12-2025
1052,36701,151,3178.74,28-06-2024
1053,59164,59,3852.33,16-06-2024
1054,18880,69,871.95,23-12-2024
1055,1455,187,2060.56,15-06-2024
1056,42425,89,2851.2,02-02-2024
1057,52342,104,3483.76,14-02-2024
1058,51327,114,2875.93,27-08-2025
1059,4201,135,5509.83,31-07-2024
1060,32490,17,1837.26,25-03-2025
1061,31531,176,3016.17,28-09-2024
1062,901,195,1037.7,18-08-2024
1063,478,136,6588.83,21-01-2025
1064,22623,150,1472.39,08-06-2025
1065,44264,89,2071.6,05-08-2025
1066,49482,24,3188.76,16-10-2024
1067,10162,65,4731.74,28-02-2025
1068,7729,47,3458.87,03-11-2025
1069,28664,90,3760.13,30-11-2024
1070,31968,66,8089.81,03-04-2025
1071,53751,183,2634.46,20-08-2024
1072,653,198,1972.03,08-06-2024
1073,44282,163,615.14,10-05-2024
1074,15552,182,2304.35,12-08-2024
1075,15173,88,1944.92,02-02-2024
1076,57473,78,1658.74,19-08-2025
1077,42427,33,1856.18,31-10-2024
1078,53132,106,2307.44,07-03-2025
1079,29398,199,1200.2,20-12-2025
1080,42945,42,3306.38,02-11-2025
1081,41554,129,2196.31,11-12-2024
1082,47865,105,2037.13,22-04-2024
1083,11393,195,1659.93,09-11-2024
1084,8666,91,1461.72,23-12-2025
1085,49222,199,2101.12,13-08-2024
1086,44275,123,7804.95,07-07-2025
1087,16495,86,2426.84,10-01-2024
1088,51562,128,3221.08,27-06-2025
1089,23499,102,2640.4,31-08-2025
1090,42400,73,524.7,19-11-2024
1091,48902,113,5093.73,03-10-2024
1092,21117,116,1465.53,11-08-2025
1093,24489,122,12929.34,15-07-2025
1094,14685,181,2599.45,14-02-2024
1095,22727,187,4405.63,02-05-2024
1096,51872,121,494.52,09-04-2025
1097,13807,93,5528.65,26-02-2025
1098,34204,124,1016.17,12-11-2024
1099,6264,3,3998.61,26-03-2024
1100,52953,78,357.18,17-11-2024
1101,28641,69,2666.73,30-04-2024
1102,33632,36,2475.52,25-05-2024
1103,42986,135,1755.3,08-02-2025
1104,45082,107,4695.8,22-02-2025
1105,22574,131,3743.51,24-10-2025
1106,22702,184,2490.13,29-10-2024
1107,39892,193,5735.14,03-04-2025
1108,54338,167,444.57,08-01-2025
1109,14299,42,1190.14,04-05-2025
1110,30858,109,3701.69,08-07-2025
1111,33976,80,3528.47,16-09-2025
1112,14195,37,6443.15,10-02-2025
1113,20173,136,3491.27,05-07-2025
1114,50072,40,3652.72,22-09-2025
1115,53596,180,1385.03,29-07-2025
1116,12373,118,1124.47,06-02-2025
1117,34060,165,2886.36,05-03-2024
1118,4195,28,2546.6,13-08-2024
1119,39125,167,2163.76,21-03-2024
1120,20918,35,3664.16,20-07-2025
1121,13898,121,3424.19,28-10-2024
1122,19768,189,1440.03,10-07-2025
1123,46836,97,700.73,04-11-2024
1124,51117,144,4010.31,13-07-2024
1125,35948,179,1019.22,02-06-2025
1126,52862,41,1404.9,26-01-2025
1127,59525,16,4316.88,17-03-2024
1128,16143,40,5109.93,10-04-2025
1129,26857,62,5824.61,30-11-2025
1130,32025,194,5973.18,28-12-2024
1131,24609,108,3015.39,26-12-2025
1132,52116,178,4833.72,01-07-2024
1133,26150,66,2825.75,10-10-2024
1134,23479,188,5322.23,19-03-2025
1135,26747,78,3397.08,21-11-2025
1136,58213,100,2632.02,07-05-2024
1137,32659,91,2593.79,11-10-2025
1138,20158,146,1518.03,04-07-2025
1139,16652,42,612.93,18-04-2025
1140,38108,4,3862.62,30-07-2025
1141,3576,183,1492.19,01-10-2025
1142,5168,6,6211.53,22-09-2025
1143,38604,133,4965.63,12-04-2024
1144,57603,101,1127.48,31-03-2024
1145,38174,80,1657.02,14-04-2024
1146,9455,31,3155.85,05-06-2024
1147,40864,130,2337.07,06-04-2024
1148,7083,7,1374.41,30-12-2025
1149,4083,194,980.07,28-11-2024
1150,24467,10,1115.61,28-06-2024
1151,10922,76,1327.09,21-09-2025
1152,15480,182,2635.18,01-07-2024
1153,12074,9,3285.6,08-05-2024
1154,23773,106,685.39,31-05-2025
1155,25510,56,3638.82,02-03-2025
1156,18710,63,3442.48,27-08-2025
1157,19115,145,1641.76,02-09-2024
1158,5978,78,2161.71,24-08-2024
1159,49646,68,870.4,09-03-2025
1160,23280,178,2169.23,07-07-2024
1161,7464,9,2889.33,08-05-2024
1162,53866,63,1405.33,07-03-2025
1163,9325,157,332.35,05-05-2024
1164,42804,58,1786.06,18-07-2024
1165,3925,190,3085.17,04-09-2024
1166,56486,35,3740.13,10-09-2024
1167,38082,190,815.23,07-06-2025
1168,32312,159,773.95,17-12-2025
1169,54618,74,1297.33,07-04-2025
1170,3349,58,4197.94,02-01-2024
1171,48361,164,568.77,20-12-2024
1172,51373,150,4543.69,25-05-2025
1173,3481,130,4898.59,06-06-2025
1174,34777,50,2117.33,15-11-2025
1175,56143,8,6567.93,10-04-2025
1176,19704,42,3108.22,17-06-2024
1177,42539,169,691.95,03-09-2024
1178,18210,186,994.78,06-12-2024
1179,44089,182,1870.11,10-06-2025
1180,18685,22,486.92,01-06-2024
1181,35130,200,1223.3,10-12-2024
1182,10383,2,2688.06,19-06-2025
1183,467,152,799.51,18-03-2025
1184,39199,102,2124.38,18-03-2025
1185,52419,90,656.3,16-11-2025
1186,37016,161,3224.77,31-12-2024
1187,56624,200,3055,25-11-2024
1188,20864,156,1922.25,01-09-2025
1189,2339,50,3335.75,19-07-2025
1190,1553,92,2031.49,12-04-2024
1191,47135,195,4941.65,28-02-2025
1192,9440,93,6491.25,05-11-2025
1193,43233,158,3405.13,21-11-2025
1194,33236,189,6278.35,17-07-2025
1195,7641,161,5974.31,09-10-2025
1196,44885,141,1984.58,28-04-2025
1197,38721,165,2573.19,25-03-2024
1198,49179,114,621.87,04-03-2024
1199,13694,69,716.24,12-10-2024
1200,51397,95,5977.21,23-01-2024
1201,4262,42,6367.68,21-04-2025
1202,24582,145,915.87,29-10-2025
1203,39309,90,3226.78,04-04-2025
1204,36543,132,1972.73,26-03-2025
1205,59355,117,2681.71,13-04-2024
1206,40427,130,3231.98,27-11-2025
1207,7940,66,674.02,26-11-2024
1208,22171,190,1095.82,02-02-2025
1209,51847,83,822.09,01-09-2024
1210,12403,14,1386.41,20-08-2024
1211,18845,185,3628.52,26-09-2024
1212,5853,54,2358.83,26-09-2025
1213,43317,127,3948.55,15-10-2024
1214,21323,172,4559.65,28-11-2025
1215,35788,9,758.75,20-08-2024
1216,2926,66,1376.68,03-02-2024
1217,22818,66,2497.85,04-11-2024
1218,48012,131,472.37,12-04-2024
1219,19198,43,626.67,11-10-2025
1220,9727,86,821.49,15-09-2024
1221,34162,163,2733.24,19-06-2025
1222,887,78,1155.17,22-01-2025
1223,9263,198,1596.99,12-09-2024
1224,13173,179,3752.85,16-01-2025
1225,40309,55,1220.31,31-01-2024
1226,2500,47,943.78,25-06-2025
1227,11332,35,1065.64,28-11-2024
1228,58991,65,1577.6,19-10-2024
1229,38291,140,3324.17,04-05-2024
1230,27225,15,466.23,08-07-2024
1231,24525,72,2241.81,01-03-2025
1232,41541,163,2328.18,23-05-2025
1233,56370,62,4426.55,10-07-2025
1234,16365,93,4324.89,03-06-2025
1235,1386,168,3501.48,26-09-2025
1236,5198,160,590.85,12-08-2025
1237,46408,139,1772.3,03-12-2025
1238,25947,22,105.2,07-02-2024
1239,40623,117,1096.13,03-06-2024
1240,48530,182,356.96,18-08-2024
1241,43407,170,3705.76,27-07-2024
1242,9115,68,1219.45,25-10-2024
1243,17544,84,5075.78,10-09-2025
1244,2057,92,2993.46,24-06-2024
1245,18492,8,2493.5,28-12-2024
1246,49753,54,4095.57,24-09-2024
1247,8417,38,4199.27,27-06-2024
1248,26916,170,391.42,13-01-2025
1249,12372,146,1487.09,01-09-2024
1250,40014,51,1557.97,21-03-2025
1251,29933,78,1848.38,27-12-2025
1252,11982,156,5969.42,14-09-2024
1253,36681,160,3234.58,27-06-2024
1254,10898,77,1608.42,15-08-2025
1255,31707,54,4749.87,16-06-2024
1256,33303,150,3903.29,21-09-2025
1257,48702,56,5867.33,15-04-2024
1258,51434,102,3909.56,23-05-2024
1259,58803,150,1489.01,03-04-2024
1260,55601,191,4920.25,21-04-2024
1261,30680,71,1860.64,09-07-2024
1262,54777,55,59.25,24-07-2024
1263,11077,171,2368.67,06-01-2024
1264,8283,117,4783.45,10-07-2025
1265,39642,58,5964.97,07-01-2024
1266,18509,94,4233.24,18-12-2025
1267,58104,34,4938.37,21-04-2024
1268,32049,129,3868.25,24-01-2024
1269,26416,92,1789.08,18-06-2025
1270,46680,153,1966.53,11-02-2025
1271,15132,79,5708.08,02-07-2025
1272,41235,114,1579.87,02-12-2025
1273,48987,55,9785.3,26-11-2024
1274,18149,55,1786.62,26-05-2024
1275,30454,63,3547.4,06-08-2024
1276,34630,92,1571.44,15-07-2024
1277,55295,107,3453.92,29-11-2025
1278,13721,132,1950.3,26-03-2024
1279,35305,25,698.96,08-05-2025
1280,18747,160,3983.52,20-06-2025
1281,276,37,2529.83,16-06-2025
1282,54858,99,3627.88,30-03-2025
1283,31648,3,1007.19,01-02-2024
1284,53812,164,7209.02,09-04-2025
1285,35452,115,795.63,30-06-2025
1286,53904,194,2139.18,12-03-2024
1287,48999,168,1789.65,10-10-2024
1288,41776,185,3122.15,07-06-2025
1289,15101,152,1415.41,04-01-2025
1290,29932,44,8656.33,28-06-2025
1291,31122,76,2424.97,01-07-2025
1292,31897,18,2281.67,21-09-2024
1293,48706,197,3014.44,11-08-2024
1294,6111,117,815.96,19-02-2025
1295,40339,48,2602.04,06-08-2024
1296,37426,105,240.52,04-12-2025
1297,39512,170,2297.98,18-11-2025
1298,34093,129,2113.79,20-01-2024
1299,22521,184,2481.64,19-10-2025
1300,12293,33,306.97,23-04-2025
1301,23990,106,6973.82,25-04-2025
1302,48628,85,3345.87,28-03-2024
1303,45202,66,1311.34,16-10-2024
1304,59782,113,5106.36,13-02-2025
1305,34346,37,3502.66,02-01-2024
1306,13144,69,7799.21,12-08-2025
1307,30542,90,1192.11,16-09-2024
1308,25275,49,2462.91,28-08-2024
1309,10464,34,1756.85,09-04-2024
1310,41859,23,763.39,23-12-2025
1311,3939,94,3117.72,19-07-2025
1312,50143,59,3629.07,27-09-2024
1313,18674,38,5392.42,26-07-2025
1314,12911,63,647.55,21-10-2024
1315,8247,45,1098.65,22-04-2025
1316,31443,184,2526.64,03-02-2024
1317,46416,111,1133.78,21-08-2025
1318,7120,29,1834.56,31-10-2024
1319,9531,10,2235.2,28-01-2024
1320,24293,67,509.81,06-02-2025
1321,19263,180,4990.53,27-10-2025
1322,17463,188,3424.96,18-07-2025
1323,32209,29,3417.2,30-10-2025
1324,59757,2,2468.43,20-10-2025
1325,18781,154,125.73,31-07-2025
1326,6483,145,174.01,25-03-2024
1327,48558,123,1652.36,10-04-2024
1328,13746,199,634.64,02-04-2025
1329,24111,61,1684.12,21-11-2024
1330,11004,172,349.33,07-07-2025
1331,42224,33,422.43,08-12-2025
1332,21537,33,1969.06,18-05-2024
1333,5588,181,2866.8,24-01-2025
1334,25481,164,712.65,11-06-2024
1335,9740,66,3015.99,25-10-2024
1336,15286,152,1714.6,03-05-2025
1337,21494,162,6446.22,12-04-2024
1338,14091,85,4539.88,13-09-2025
1339,27447,158,3128.06,24-08-2024
1340,18454,186,2913.26,29-12-2025
1341,14940,88,2726.71,24-02-2025
1342,58900,113,764.57,22-03-2025
1343,59606,124,2920.2,23-09-2024
1344,1541,170,114.47,16-02-2024
1345,51732,47,5625.25,13-07-2024
1346,52220,74,1134.25,25-01-2024
1347,6903,13,347.26,09-01-2024
1348,6362,88,2673.61,26-05-2024
1349,11412,85,2699.16,31-03-2025
1350,11390,168,1545.15,17-03-2025
1351,38277,146,3314.72,04-10-2025
1352,774,177,5389.36,27-01-2025
1353,8950,133,285.45,20-12-2025
1354,7915,80,3587.43,03-11-2024
1355,2893,71,3721.17,30-05-2025
1356,39706,83,1169.32,23-03-2024
1357,40592,176,3156.15,25-08-2024
1358,55993,96,1997.5,07-09-2025
1359,607,29,2172.78,04-11-2024
1360,36885,151,530.27,28-12-2025
1361,32890,69,2317.58,17-05-2025
1362,45468,106,3559.47,04-07-2025
1363,11475,49,2892.43,26-09-2025
1364,11548,68,4453.04,20-06-2024
1365,42124,4,1305.85,27-11-2025
1366,46445,164,7521.27,24-08-2025
1367,52169,105,4459.44,25-11-2025
1368,39581,39,5735.62,25-02-2025
1369,2778,19,649.42,06-07-2025
1370,48273,197,1593.14,02-08-2025
1371,56394,181,142.18,06-03-2025
1372,1336,145,1198.75,23-10-2024
1373,9950,99,5345.48,19-09-2024
1374,52987,90,759.76,31-08-2024
1375,12142,97,1356.46,05-06-2024
1376,29353,180,3516.26,31-01-2024
1377,58417,144,5110.45,13-07-2024
1378,55367,127,5386.86,23-05-2025
1379,26948,170,4013.17,29-04-2024
1380,51675,129,7227.29,13-11-2025
1381,50360,86,2206.22,05-08-2025
1382,21585,158,6050.75,04-10-2024
1383,52208,49,5306.51,24-07-2025
1384,30433,61,1077.98,08-04-2024
1385,23352,141,1000.84,11-08-2025
1386,9556,185,6083.34,14-11-2024
1387,45886,44,3176.13,21-04-2024
1388,32347,72,1419.12,10-03-2024
1389,2280,104,2123.48,29-10-2025
1390,37779,160,1271.1,27-11-2025
1391,49379,114,7236.7,02-11-2024
1392,25189,158,1332.67,23-06-2025
1393,48724,88,415.51,11-03-2025
1394,44087,103,8694.78,07-03-2024
1395,5444,165,1323.03,08-04-2024
1396,39170,64,414.07,19-10-2024
1397,56671,132,2977.92,30-05-2024
1398,940,139,1092.94,12-04-2024
1399,46764,71,2508.8,16-05-2024
1400,3362,81,4417.51,13-03-2024
1401,3202,166,1570.66,12-12-2024
1402,15205,62,2982.82,09-01-2024
1403,56121,110,1545.85,28-03-2025
1404,44261,190,1786.36,17-10-2024
1405,32189,36,2194.82,18-12-2024
1406,12252,14,2999.27,17-09-2024
1407,49131,172,2470.41,20-06-2024
1408,50356,103,2187.87,20-09-2025
1409,6242,80,3021.93,05-07-2024
1410,21438,19,338.92,05-07-2024
1411,40349,193,3784.78,15-04-2025
1412,30853,5,1451.88,24-12-2024
1413,7555,29,1746.15,20-11-2025
1414,15308,116,1243.63,12-09-2025
1415,6031,168,3522.51,17-09-2024
1416,32110,95,2995.5,17-04-2025
1417,18722,196,3033.71,25-07-2025
1418,7590,42,741.58,27-08-2024
1419,24285,87,3129.56,09-01-2024
1420,581,35,1389.39,01-08-2025
1421,40142,15,10122.23,10-04-2024
1422,5255,174,916.27,12-06-2024
1423,33168,93,121.4,14-04-2024
1424,38753,85,2787.54,29-01-2025
1425,19054,13,2458.79,06-10-2024
1426,42470,63,1602.67,09-07-2024
1427,32715,80,3055.34,03-01-2024
1428,6858,72,333.57,26-05-2025
1429,28431,44,3471.07,21-04-2025
1430,7168,51,1394.79,29-04-2025
1431,47642,83,2714.58,10-02-2024
1432,40405,50,3266.34,06-01-2024
1433,54246,51,2212.69,24-06-2025
1434,5764,165,3690.62,28-09-2025
1435,53526,58,8492.75,11-12-2025
1436,3288,30,6034.45,22-06-2024
1437,42858,19,2968.43,04-06-2025
1438,53767,101,5942.6,30-01-2025
1439,56318,45,6363.9,19-04-2025
1440,22238,81,652.36,28-05-2025
1441,24881,41,2106.64,04-06-2025
1442,38838,86,1794.85,21-08-2024
1443,18459,4,8867.13,03-06-2025
1444,32547,149,1146.51,28-12-2025
1445,19391,122,1702.64,13-08-2025
1446,19429,69,3851.1,08-04-2024
1447,4731,67,6506,17-06-2025
1448,18276,188,1852.45,13-11-2025
1449,16740,11,1079.41,27-04-2025
1450,54028,183,1558.16,25-12-2024
1451,19844,15,633.68,02-11-2025
1452,4323,118,109.28,31-07-2024
1453,8694,61,3282.74,11-09-2024
1454,53974,81,887.83,12-12-2025
1455,37332,28,2142.2,01-02-2025
1456,21300,152,1113.52,08-08-2025
1457,38198,77,3598.06,02-07-2024
1458,43934,158,2760.93,17-12-2025
1459,55221,178,2265.21,26-01-2025
1460,106,54,1947.69,26-12-2025
1461,1583,127,3024.2,12-11-2024
1462,11574,61,2207.37,15-12-2025
1463,30981,147,2947.31,18-06-2025
1464,18443,186,2531.44,13-12-2025
1465,11819,186,5413.19,23-12-2024
1466,29439,127,5074.34,11-12-2024
1467,21544,196,725.27,11-10-2025
1468,38280,156,4589.59,03-10-2024
1469,1976,119,5005.82,05-07-2024
1470,55212,14,2262.5,23-02-2024
1471,2690,175,182.83,12-06-2024
1472,23274,40,2700.9,14-03-2024
1473,46523,59,2144.84,22-04-2024
1474,28919,61,3724.07,23-03-2024
1475,38967,171,1501.9,08-03-2025
1476,12482,40,2210.83,10-02-2024
1477,6303,122,3724.81,22-09-2024
1478,15554,65,4903.75,29-09-2025
1479,48021,94,2364.9,23-07-2025
1480,6133,98,4928.86,19-07-2025
1481,327,17,7122.99,11-11-2024
1482,45297,109,848.89,06-08-2024
1483,54239,84,1993.65,14-01-2024
1484,39942,89,871.94,29-08-2025
1485,45387,188,6283.28,04-01-2025
1486,34713,12,702.71,31-07-2025
1487,51272,58,4999.04,25-11-2025
1488,39789,71,378.71,31-01-2024
1489,31532,28,4853.72,14-01-2024
1490,28105,187,4086.12,24-05-2024
1491,53860,173,639.19,07-09-2024
1492,34468,21,5258.71,20-10-2025
1493,37983,47,2832.8,01-10-2024
1494,53861,50,3390.88,12-11-2025
1495,48874,48,1920.02,03-12-2025
1496,44238,118,7269.32,29-09-2024
1497,44360,162,2217.77,20-07-2025
1498,30257,155,9296.89,05-06-2024
1499,103,144,2590.26,11-03-2024
1500,45824,102,4197.1,07-01-2024
1501,58451,176,7909.49,14-10-2024
1502,58672,11,2341.32,06-06-2025
1503,49007,35,2640.92,25-12-2024
1504,3881,35,3463.14,24-01-2025
1505,12870,142,361.65,26-07-2025
1506,32735,31,1775.47,01-10-2025
1507,36008,6,485.86,03-08-2024
1508,49019,169,5168.74,07-11-2024
1509,35361,138,2181.06,07-04-2025
1510,8261,104,1641.33,07-11-2024
1511,45351,146,2966.13,16-06-2024
1512,52078,65,5260.93,31-08-2025
1513,15619,94,1324.18,14-09-2024
1514,24622,167,1442.23,09-06-2025
1515,54375,116,8351.87,27-05-2024
1516,36449,176,2930.72,02-04-2024
1517,36355,178,4765.03,18-09-2025
1518,59755,27,5287.48,26-02-2024
1519,38064,166,2595.15,07-10-2024
1520,830,72,3880.25,29-09-2024
1521,16129,51,602.77,28-03-2024
1522,31425,7,6506.75,07-11-2025
1523,55942,12,486.61,17-12-2024
1524,41790,113,2263.49,12-10-2025
1525,19848,14,3560.17,14-05-2024
1526,56445,36,3469.17,12-08-2025
1527,33045,130,7541.78,08-09-2024
1528,40426,119,3845.12,23-11-2024
1529,19894,111,9803.1,07-08-2025
1530,25464,72,4709.5,14-09-2025
1531,58269,164,2335.18,30-01-2025
1532,39866,150,3710.94,19-06-2024
1533,18340,180,1981.81,10-06-2024
1534,39320,109,6208.85,29-10-2024
1535,35605,168,4592.64,16-12-2025
1536,53366,130,3484.61,05-10-2025
1537,22239,71,1816.43,05-11-2024
1538,35284,37,3258.3,11-12-2024
1539,34748,181,4560.86,07-08-2025
1540,58157,162,2482.35,16-12-2025
1541,47391,172,2119.08,10-01-2025
1542,27685,63,5332.34,15-03-2025
1543,42760,85,5346.51,30-09-2025
1544,2455,97,1866.56,24-04-2025
1545,55576,132,784.13,17-07-2025
1546,48853,137,1875.71,11-02-2024
1547,48432,5,11551.03,09-12-2025
1548,44118,76,4196.44,22-09-2025
1549,22945,30,2912.06,10-02-2025
1550,46780,147,3785.6,13-08-2025
1551,15141,199,2283.29,29-04-2024
1552,3773,84,450.07,09-01-2025
1553,21623,41,1172.1,13-04-2024
1554,47640,80,7618.6,19-05-2025
1555,51689,104,1079.53,11-08-2024
1556,37483,166,2584.54,23-09-2024
1557,35642,195,4619.81,13-10-2024
1558,38857,16,7119.22,09-05-2025
1559,11080,17,4105.43,06-02-2025
1560,27549,68,3591.03,21-12-2024
1561,12200,169,1877.92,21-09-2024
1562,40573,195,1791.43,10-08-2025
1563,1134,5,1604.95,09-01-2025
1564,7879,161,2441.09,09-11-2025
1565,9344,42,884.89,21-06-2025
1566,51674,64,5631.23,25-01-2025
1567,5214,124,1641.74,19-08-2024
1568,21774,67,1490.8,25-07-2025
1569,16794,95,2271.17,11-05-2025
1570,53588,125,1000.06,18-11-2025
1571,26398,178,9639.28,15-03-2025
1572,48006,168,6222.53,26-11-2024
1573,18388,104,365.8,14-10-2024
1574,20792,5,1047.37,27-03-2025
1575,22860,200,1120.46,17-08-2025
1576,38675,179,2632.94,28-08-2025
1577,2275,177,1007.34,22-03-2025
1578,54459,130,6937.62,15-07-2024
1579,27771,73,2367.29,01-06-2024
1580,19911,29,2705.81,10-02-2025
1581,11391,147,4810.63,30-01-2024
1582,57767,34,1604.47,14-07-2025
1583,31247,175,3419.65,11-02-2025
1584,32042,198,2402.13,12-01-2025
1585,7749,51,7935.47,01-08-2025
1586,20333,85,6504.14,02-09-2024
1587,35777,46,9156.91,17-01-2024
1588,8808,25,679.13,06-01-2024
1589,30897,192,1074.62,03-03-2024
1590,11606,132,6122.77,07-03-2025
1591,29544,119,4060.24,16-02-2025
1592,1180,101,2490.76,06-05-2024
1593,36975,33,6728.89,12-08-2025
1594,39349,102,2032.7,28-04-2024
1595,50015,183,5138.12,07-02-2024
1596,30530,198,4280.21,10-10-2024
1597,6160,121,618.26,01-03-2025
1598,14130,25,2056.14,14-08-2025
1599,23547,74,6321.61,24-08-2025
1600,38718,198,3291.08,26-10-2025
1601,41838,33,3230.35,17-09-2025
1602,32625,148,6773.94,17-06-2024
1603,22589,12,5849.4,10-04-2025
1604,58862,188,5604.83,06-03-2025
1605,8197,63,436.22,12-03-2024
1606,202,19,9321.97,16-10-2024
1607,14593,56,2592.81,26-11-2025
1608,20170,16,639.06,09-12-2025
1609,11246,144,3202.88,17-10-2025
1610,44293,129,5209.96,10-11-2024
1611,25879,20,1181.79,29-03-2025
1612,9608,163,4596.82,12-04-2025
1613,38129,19,1048.66,01-05-2025
1614,31163,93,2369.09,09-02-2024
1615,41891,96,14620.19,08-02-2025
1616,27484,183,1085.24,15-02-2024
1617,27053,32,723.53,06-06-2025
1618,46405,184,7085.77,25-07-2025
1619,53823,73,1081.64,27-04-2024
1620,15182,79,214.15,18-01-2025
1621,46697,44,7305,07-08-2024
1622,49542,142,4262.66,23-05-2024
1623,21176,121,774.03,01-05-2025
1624,59362,191,3137.94,06-02-2025
1625,31,21,1957.52,21-05-2025
1626,19030,41,459.17,09-06-2024
1627,7934,63,2983.45,05-05-2024
1628,30493,8,1832.29,09-03-2024
1629,17793,3,1970.71,29-10-2024
1630,47355,53,1906.57,23-03-2024
1631,22216,35,1555.15,19-09-2025
1632,21812,147,1015.13,09-06-2024
1633,12313,102,2965.81,14-03-2024
1634,12421,13,4762.37,28-06-2024
1635,33088,44,8657.71,04-04-2025
1636,49549,106,4970.26,25-05-2025
1637,10381,50,4876.72,24-01-2025
1638,18514,40,6128.21,11-12-2025
1639,5535,82,3887.98,12-11-2025
1640,27656,145,3683.14,31-03-2024
1641,36029,61,890.37,21-09-2025
1642,54586,37,5817.06,04-10-2024
1643,1766,41,4839.42,22-06-2025
1644,3340,24,1425.54,20-04-2024
1645,29787,103,668.59,26-10-2025
1646,28640,154,1075.41,02-04-2024
1647,21104,28,1161.3,07-07-2025
1648,38550,133,2168.04,05-08-2024
1649,4860,12,1326.33,02-01-2025
1650,46772,112,2838.92,08-06-2024
1651,22100,54,1017.6,21-05-2024
1652,48464,106,1612.76,30-11-2024
1653,27384,117,2532.22,15-11-2024
1654,35263,52,1436.92,30-08-2025
1655,8940,171,3762.29,31-08-2024
1656,20966,46,2409.25,18-01-2025
1657,35498,198,3969.09,05-11-2025
1658,37339,123,851.56,30-01-2025
1659,29413,48,2763.63,28-05-2025
1660,23089,120,5911.22,07-04-2024
1661,24318,187,1687.44,11-11-2025
1662,42100,92,3732.33,12-04-2024
1663,50411,53,2655.8,13-10-2025
1664,12101,152,5180.69,05-02-2024
1665,26904,19,3631.75,04-03-2024
1666,36960,184,1690.29,14-03-2024
1667,30358,123,2390.95,17-04-2024
1668,46469,6,1471.25,11-02-2025
1669,5878,148,1985.42,29-03-2025
1670,35403,183,1667.98,23-09-2025
1671,37423,105,1247.39,02-05-2024
1672,4741,112,1195.5,07-03-2025
1673,37585,57,2500.83,22-02-2024
1674,22246,118,836.66,28-04-2025
1675,29628,179,8664.68,11-02-2024
1676,36354,78,2460.31,29-06-2024
1677,47910,134,1483.6,04-11-2024
1678,57893,101,8043.81,14-04-2024
1679,38748,59,5516.7,31-03-2024
1680,29332,49,4029.51,13-08-2025
1681,59515,51,3030.69,03-11-2024
1682,31502,81,3469.1,29-05-2025
1683,48007,78,1751.63,07-05-2025
1684,14443,51,2903.38,13-05-2024
1685,8826,18,3172.94,09-03-2024
1686,16987,72,2448.28,02-11-2024
1687,33836,189,220.81,13-04-2025
1688,27062,133,1360.01,13-04-2024
1689,21843,143,2960.56,03-02-2025
1690,51572,31,2337.84,08-02-2025
1691,3917,163,5507.14,27-12-2024
1692,55685,141,7593.23,27-03-2025
1693,53612,114,4970.61,08-05-2025
1694,28965,94,721.08,13-11-2024
1695,21319,132,1429.71,04-07-2024
1696,53139,200,5355.37,16-11-2024
1697,19625,193,4426.51,31-10-2025
1698,8990,60,2637.22,25-04-2025
1699,41283,200,5519.27,03-04-2024
1700,8719,166,541.09,19-06-2024
1701,43795,13,2571.66,22-01-2025
1702,46731,16,3023.14,10-12-2025
1703,50267,54,3052.12,12-09-2024
1704,17945,169,3532.5,05-04-2024
1705,57683,176,337.81,09-05-2024
1706,10359,44,2870.15,19-10-2024
1707,13403,158,1126.23,27-01-2025
1708,6276,50,1560.26,31-05-2024
1709,14599,131,3912.07,05-10-2025
1710,26039,75,6773.56,26-04-2025
1711,1988,149,1134.86,24-07-2025
1712,4114,138,8099.83,07-06-2024
1713,59404,104,5509.66,25-05-2025
1714,25380,166,6558.67,02-04-2024
1715,36917,86,2005.37,27-07-2024
1716,47271,169,2968.13,03-05-2024
1717,57448,88,1967.85,29-11-2024
1718,13840,65,6712,20-09-2025
1719,6492,10,838.05,27-04-2024
1720,36736,15,2166.07,10-04-2025
1721,54299,183,2023.24,30-05-2025
1722,46613,118,1679.15,15-04-2024
1723,50448,121,4190.63,18-01-2025
1724,8979,162,1733.48,06-05-2025
1725,11966,16,2629.44,25-10-2025
1726,54617,61,1894.4,06-12-2024
1727,7080,78,3471.68,03-10-2024
1728,7034,60,9323.36,08-05-2025
1729,43112,178,1516.94,29-07-2025
1730,55114,135,1279.83,14-08-2025
1731,3063,127,2271.23,30-10-2024
1732,22938,12,3092.46,30-06-2025
1733,33610,105,4792.83,08-01-2024
1734,10813,47,5320.09,05-08-2024
1735,56741,28,231.6,17-01-2025
1736,46808,83,1171.74,03-11-2025
1737,20948,39,5929.46,10-06-2024
1738,51762,156,2521.5,13-12-2024
1739,20483,55,3764.23,22-04-2025
1740,11222,49,793.83,21-09-2024
1741,9135,117,4777.67,17-12-2024
1742,2674,168,72.55,21-08-2024
1743,27885,75,4886.95,04-06-2024
1744,42168,187,761.45,30-06-2024
1745,45700,92,3318.86,17-08-2025
1746,19665,109,4801.09,09-02-2024
1747,27092,47,7407.43,18-11-2025
1748,52918,152,4939.55,19-01-2024
1749,35231,163,8663.46,14-09-2025
1750,44618,143,919.59,24-01-2024
1751,24299,145,1232.59,23-11-2024
1752,35591,101,1169.15,12-06-2024
1753,48000,7,6445.44,26-03-2025
1754,7032,50,1716.21,18-02-2024
1755,10224,4,3182.62,26-08-2025
1756,42201,115,1064.13,08-05-2025
1757,37750,27,5563.11,18-06-2025
1758,26765,192,1045.68,24-05-2025
1759,24332,50,2970.71,20-07-2024
1760,34488,38,4741.21,02-10-2025
1761,18599,66,2436.39,20-03-2025
1762,8549,148,6655.89,05-05-2025
1763,20559,15,6942.66,02-06-2025
1764,634,136,2573.6,01-11-2024
1765,8130,111,12464.01,05-03-2025
1766,3237,32,1062.74,15-03-2025
1767,15389,16,547.27,15-11-2024
1768,14513,188,1371.76,27-12-2024
1769,12432,186,6172.9,21-01-2025
1770,59122,106,1471.66,23-09-2025
1771,16417,159,565.1,05-09-2025
1772,49819,152,2826.35,23-05-2024
1773,699,160,944.04,22-02-2025
1774,49900,150,2236.82,03-05-2024
1775,8619,43,2802.8,23-03-2024
1776,15890,153,2153.93,08-06-2024
1777,18338,70,2124.54,22-07-2024
1778,41319,187,1444.01,22-11-2025
1779,15953,40,6149.28,25-09-2025
1780,47381,130,3055.15,30-05-2024
1781,14846,115,6028.41,09-07-2024
1782,48827,73,528.81,31-01-2024
1783,54483,15,1056.53,18-02-2024
1784,33799,61,6307.72,08-05-2024
1785,25949,73,3853.33,13-01-2025
1786,51265,148,3076.22,30-04-2024
1787,39474,93,1908.23,26-06-2025
1788,46669,179,287.85,01-11-2024
1789,57281,134,2577.46,29-10-2024
1790,16516,157,2147.87,01-11-2025
1791,49847,53,1597.88,15-04-2024
1792,17699,117,5037.83,16-08-2024
1793,42758,46,2272.84,04-12-2024
1794,29186,91,7850.03,22-04-2024
1795,5280,145,2822.19,18-04-2025
1796,39108,164,1207.21,20-09-2025
1797,48401,144,2334.09,31-12-2024
1798,25240,167,3254.7,09-12-2024
1799,16525,14,6876.81,17-07-2025
1800,568,120,2974.55,02-11-2024
1801,28484,161,2008.69,25-07-2024
1802,41546,114,375.6,16-09-2025
1803,7790,27,2214.18,27-07-2024
1804,40712,120,7457.35,17-02-2025
1805,33594,142,1928.13,06-12-2024
1806,12502,165,4560.88,23-06-2024
1807,59313,1,5358.91,11-11-2024
1808,30532,51,1804.94,12-10-2024
1809,44341,183,2138.77,12-06-2025
1810,40303,82,2063.72,27-03-2025
1811,199,170,7207.65,13-08-2024
1812,54727,79,9869.15,30-09-2024
1813,28492,175,1560.79,26-06-2025
1814,5767,144,4201.46,25-01-2024
1815,30529,47,3208.28,29-10-2025
1816,24872,13,2809.72,16-03-2025
1817,439,105,1542.59,03-08-2025
1818,16836,7,3676.25,30-12-2024
1819,54549,104,2471.32,29-04-2024
1820,33919,170,2248.58,30-07-2024
1821,41747,144,2591.84,26-10-2024
1822,11909,132,1495.05,14-05-2025
1823,29642,91,12702.4,25-09-2025
1824,27414,192,2645.24,24-07-2025
1825,48572,37,5321.24,13-02-2025
1826,21377,184,1053.97,02-10-2025
1827,24893,173,663.05,26-02-2025
1828,28085,111,2746.15,05-03-2025
1829,43964,32,2782.83,14-02-2024
1830,45538,90,4211.75,19-04-2024
1831,4763,75,4404.26,30-03-2024
1832,31325,48,4180.31,16-04-2025
1833,24125,105,3884.77,05-07-2025
1834,40227,39,1563.5,23-03-2025
1835,20047,90,1117.19,06-08-2025
1836,27834,96,951.33,17-07-2024
1837,59594,182,1238.63,01-09-2025
1838,13592,173,2018.35,26-07-2025
1839,55781,173,6098.74,31-01-2025
1840,22492,54,8451.31,12-03-2025
1841,26986,6,3794.97,26-07-2024
1842,6230,46,2083.04,19-05-2025
1843,46934,77,3667.57,15-10-2024
1844,10905,51,1979.25,14-01-2025
1845,29648,147,2700.96,21-05-2025
1846,57773,190,4624.78,25-12-2025
1847,49195,133,1807.51,30-06-2024
1848,7202,64,6172.15,11-11-2025
1849,41009,64,2571.58,01-01-2025
1850,46789,169,2770.91,21-11-2024
1851,30839,48,1975.28,23-11-2024
1852,28088,61,5807.56,30-10-2025
1853,44214,125,1715.89,08-07-2024
1854,6000,56,705.51,19-03-2024
1855,28369,178,457.24,04-05-2024
1856,30999,96,1462.95,01-06-2025
1857,40130,36,2338.66,04-11-2025
1858,24282,151,906.99,20-09-2024
1859,54891,169,1430.81,22-04-2025
1860,12807,80,7706.25,30-07-2024
1861,51311,197,1383.68,07-07-2024
1862,21431,144,4780.56,27-08-2024
1863,34388,135,2618.95,15-07-2025
1864,50780,145,5500.55,09-12-2024
1865,21477,180,609.53,17-05-2025
1866,31570,30,3430.18,24-06-2025
1867,49580,106,2319.63,22-06-2025
1868,43214,192,533.78,17-09-2025
1869,47109,145,3566.59,31-03-2024
1870,34973,123,4615.11,27-02-2024
1871,55855,93,482.44,25-12-2025
1872,6900,100,878.84,08-03-2025
1873,44130,121,1584.85,29-03-2025
1874,55742,138,3582.15,13-12-2024
1875,36397,14,2462.72,28-09-2024
1876,49193,1,380.93,02-07-2025
1877,59682,134,2534.92,08-07-2024
1878,25871,188,428.11,13-02-2025
1879,29083,57,2575.43,24-07-2025
1880,29091,6,6179.23,06-09-2025
1881,18571,131,537.42,01-05-2025
1882,261,181,1572.14,10-03-2024
1883,22923,52,4327.6,30-01-2025
1884,17257,142,4927.97,20-04-2024
1885,8295,196,6392.4,07-08-2025
1886,8152,62,4996.38,28-11-2024
1887,2714,117,879.59,05-05-2025
1888,38285,93,1953.25,19-08-2025
1889,17796,178,2022.3,17-11-2024
1890,54258,175,770.53,06-04-2025
1891,19261,98,2299.23,16-11-2025
1892,14516,112,2547.14,23-11-2024
1893,49298,91,3831.94,19-11-2025
1894,7333,10,2128.47,09-08-2024
1895,44390,68,5624.92,14-07-2025
1896,57793,97,2930.82,14-02-2024
1897,2968,99,2609.09,29-09-2025
1898,59290,124,2210.28,30-12-2024
1899,41209,130,7872.57,19-10-2024
1900,4050,49,1508.78,12-10-2024
1901,77,60,3388.03,20-10-2024
1902,5840,50,2355.37,30-08-2025
1903,17718,60,5886.69,01-04-2025
1904,39351,157,2983.58,06-05-2024
1905,49344,157,1396.4,06-09-2025
1906,11381,105,3994.75,21-11-2025
1907,51818,56,9497.06,04-08-2025
1908,11225,156,1136.87,07-12-2024
1909,58065,16,10291.92,08-09-2024
1910,37767,51,1870.03,01-01-2024
1911,54841,20,2719.12,01-02-2024
1912,20978,142,7903.39,27-10-2024
1913,48666,18,3393.32,07-09-2025
1914,11099,184,2559.12,09-07-2024
1915,11545,123,5174.23,22-05-2025
1916,49216,189,1759.17,04-01-2025
1917,57762,40,4327.53,08-12-2025
1918,59413,58,4368.79,31-10-2025
1919,51606,108,4347.15,17-06-2024
1920,53926,168,672.66,27-12-2024
1921,40491,80,1383.76,07-07-2025
1922,42071,122,1499.61,27-08-2024
1923,18275,160,4908.43,16-12-2025
1924,49972,16,5172.55,14-01-2024
1925,16606,135,4939.81,22-11-2024
1926,5567,66,465.16,22-04-2025
1927,44342,116,1843.96,14-08-2024
1928,32974,20,434,23-08-2024
1929,22231,75,2917.16,28-07-2025
1930,1893,91,3269.14,03-12-2025
1931,16149,110,3443.28,20-07-2025
1932,43030,72,4012.82,28-03-2024
1933,4068,89,3008.78,04-03-2024
1934,4389,42,2428.31,26-05-2024
1935,34305,145,2697.96,07-03-2025
1936,12331,69,4231.23,20-08-2024
1937,44289,28,708.19,25-01-2024
1938,54482,116,3095.66,30-08-2024
1939,23448,16,4430.3,29-04-2024
1940,36112,167,1632.46,13-03-2025
1941,35953,75,1513.75,21-12-2024
1942,21244,40,1173.75,01-08-2024
1943,57201,150,1697.61,11-02-2024
1944,36428,86,4014.21,31-01-2025
1945,55988,142,3236.71,03-04-2025
1946,56345,24,1051.98,23-09-2025
1947,45844,14,6638.54,25-08-2024
1948,50439,8,237.14,14-06-2024
1949,5881,169,1052.15,14-10-2024
1950,11607,10,2647.55,22-10-2024
1951,39784,169,2486.19,10-05-2025
1952,48504,118,7005.07,03-10-2024
1953,13339,163,5570.95,06-05-2025
1954,12938,97,3483.9,04-01-2025
1955,57710,157,3347.91,14-04-2025
1956,54140,87,6361.67,10-08-2024
1957,42426,39,608.75,27-05-2024
1958,54449,141,6584.84,05-01-2025
1959,25324,136,2669.25,04-06-2024
1960,33620,63,1103.72,07-11-2024
1961,43006,193,1266.81,19-12-2024
1962,37653,119,1736.16,18-10-2024
1963,49629,46,1741.21,22-02-2024
1964,49860,198,2059.26,09-10-2024
1965,7807,86,2199.12,05-03-2024
1966,33961,199,3187.75,04-08-2024
1967,20212,54,2011.06,02-09-2025
1968,41629,54,4254.23,12-08-2024
1969,37359,200,6231.8,04-05-2025
1970,26940,43,1918.48,30-08-2025
1971,30242,3,788.76,01-10-2025
1972,33715,61,1086.36,11-12-2025
1973,3977,14,4223.89,02-02-2024
1974,12603,120,6940.28,26-11-2024
1975,31270,73,1906.63,10-08-2024
1976,9496,89,4949.79,12-06-2024
1977,22196,91,1176.62,10-07-2025
1978,12186,59,6311.41,01-04-2024
1979,32922,138,1321.64,19-03-2025
1980,9733,122,3845.17,04-01-2024
1981,36170,5,2387.77,13-09-2025
1982,2504,155,1708.7,02-12-2024
1983,6187,28,1457.87,01-01-2024
1984,27619,122,4082.58,02-04-2024
1985,59079,139,2528.71,20-05-2025
1986,16809,194,1367.81,03-03-2024
1987,48232,185,1404.74,06-05-2024
1988,6654,49,3724.75,16-11-2025
1989,20646,161,2647.41,07-04-2025
1990,1858,100,1795.36,14-11-2025
1991,27945,135,4191.67,08-12-2025
1992,46804,70,1385.03,29-10-2024
1993,50608,25,2208.19,21-10-2025
1994,58081,131,3320.39,30-01-2024
1995,28248,19,3493.74,03-11-2025
1996,49721,99,2231.43,30-07-2025
1997,28092,57,2962.77,16-11-2024
1998,35060,96,3736.92,17-09-2024
1999,48313,158,1683.04,21-07-2025
2000,43221,32,6073.73,21-06-2025
2001,18930,136,838.13,27-07-2024
2002,41870,119,2567.28,16-08-2024
2003,12872,73,1809.04,10-01-2025
2004,10639,196,2777.97,03-06-2024
2005,1443,89,3235.51,10-02-2024
2006,15419,113,7077.9,10-04-2025
2007,54860,81,350.77,30-05-2025
2008,51730,36,2547.47,01-04-2024
2009,46392,24,7178.23,11-01-2025
2010,41948,129,1424.2,03-02-2025
2011,29135,142,4482.45,16-12-2024
2012,23595,166,506.68,24-06-2025
2013,17078,6,4081.81,28-01-2025
2014,41385,24,825.88,23-02-2024
2015,53736,48,2874.81,22-09-2025
2016,34250,135,3284.79,15-07-2025
2017,9231,134,1704.22,20-10-2024
2018,8624,137,2083.46,23-09-2025
2019,31473,103,3296.33,25-10-2024
2020,42989,26,5900.74,16-02-2025
2021,44578,70,6149.25,14-04-2024
2022,50258,120,569.94,19-06-2025
2023,45519,20,655.47,20-12-2025
2024,5661,92,687.06,31-12-2024
2025,3873,18,437.1,13-01-2025
2026,45012,144,933.18,05-02-2025
2027,40971,124,1997.07,01-09-2024
2028,17853,80,2841.08,14-01-2024
2029,10270,97,2659.32,16-11-2025
2030,23811,130,4696.11,04-08-2024
2031,21826,134,2738.62,13-12-2024
2032,37183,145,920.55,20-02-2024
2033,7906,37,2769.84,24-11-2024
2034,8756,85,4587.58,27-07-2024
2035,18202,165,16578.16,23-06-2024
2036,16769,48,3959.14,03-05-2024
2037,38565,110,4438.92,19-03-2025
2038,4343,77,6280.37,20-06-2025
2039,15767,39,1027.57,27-05-2025
2040,47462,147,2648.4,04-10-2024
2041,45855,183,1571.75,10-04-2025
2042,2604,22,1422.82,20-02-2024
2043,58087,180,2681.75,17-06-2025
2044,38190,27,3162.99,03-02-2025
2045,57296,23,3206.88,08-01-2025
2046,51490,171,2288.39,01-11-2025
2047,18062,18,5134.32,21-03-2025
2048,18954,199,4492.56,28-02-2024
2049,53836,128,2761.19,09-08-2025
2050,5094,105,9111.18,30-10-2025
2051,40197,79,1853.36,09-10-2024
2052,45173,62,4633.61,12-03-2025
2053,8563,175,2215.82,18-09-2025
2054,18362,166,2312.47,27-02-2024
2055,51942,42,773.36,28-12-2025
2056,30343,5,698.34,15-09-2024
2057,11236,10,4037.51,10-09-2024
2058,3154,118,3799.82,19-01-2024
2059,40541,2,3603.69,07-05-2024
2060,59738,129,5545.08,18-03-2024
2061,45425,199,2461.87,21-03-2025
2062,49499,38,4020.45,12-07-2024
2063,9927,37,3694.36,11-05-2024
2064,32708,191,799.06,08-02-2025
2065,55707,73,3198.63,06-03-2025
2066,35476,156,898.74,20-06-2024
2067,40632,133,2224.17,19-05-2024
2068,2219,144,1343.64,30-08-2024
2069,48077,13,1937.24,30-09-2024
2070,45347,111,4500.63,17-12-2024
2071,27117,136,913.12,17-12-2024
2072,22660,165,7471.39,23-04-2024
2073,26112,77,725.5,07-03-2024
2074,47212,135,745.42,22-08-2025
2075,5872,33,1139.14,18-07-2025
2076,43282,8,1477.54,01-06-2025
2077,56965,61,7926.24,28-05-2024
2078,31828,159,3429.05,11-09-2025
2079,28241,177,917.4,03-08-2025
2080,49812,153,2802.86,23-08-2024
2081,11339,135,3302.46,16-05-2024
2082,58253,141,2519.41,16-04-2025
2083,7868,20,1213.24,27-03-2025
2084,19352,179,2625.06,14-06-2024
2085,26740,70,345.43,13-02-2025
2086,49857,97,1454.15,19-06-2024
2087,21905,11,3875.26,16-07-2025
2088,46311,52,1129.56,16-01-2025
2089,15917,191,2779.49,26-04-2025
2090,12022,102,2095.07,11-03-2025
2091,3101,128,2277.64,25-10-2024
2092,36036,76,4531.56,07-09-2024
2093,59212,115,9649.49,08-12-2024
2094,42991,18,3600.9,09-04-2024
2095,22889,58,4455.85,14-07-2024
2096,2268,198,1997.14,21-08-2025
2097,39178,14,1080.84,12-03-2025
2098,59647,136,796.7,30-11-2025
2099,25202,50,6287.66,18-05-2025
2100,18579,131,4371.79,28-11-2024
2101,2260,31,1587.65,21-04-2024
2102,30165,139,1048.92,17-11-2024
2103,51403,151,1432.16,28-01-2025
2104,27660,34,4585.9,27-02-2024
2105,17286,139,866.64,04-07-2024
2106,246,187,1712.72,23-10-2024
2107,37978,84,682.33,09-04-2025
2108,33019,40,2933.7,28-02-2025
2109,3455,91,3604.41,17-06-2024
2110,15276,40,3028.53,29-01-2024
2111,24189,132,4368.38,24-02-2025
2112,37108,68,1272.54,26-01-2025
2113,53428,109,3619.53,20-11-2024
2114,45636,187,2522.28,07-06-2024
2115,38257,134,4653.53,09-08-2025
2116,32907,177,6731.82,29-07-2024
2117,57133,98,1952.21,02-01-2024
2118,58411,44,4980.88,23-09-2025
2119,18147,34,1066.76,27-12-2025
2120,29667,115,1690.3,24-05-2025
2121,48911,200,3738,18-11-2025
2122,35435,12,1346.9,10-02-2025
2123,40504,58,778.55,08-01-2024
2124,33097,67,4216.29,05-12-2024
2125,43661,191,7861.14,12-02-2025
2126,51542,108,5812.57,23-09-2025
2127,4346,40,2885.37,12-03-2025
2128,31188,3,2039.31,02-02-2025
2129,21439,72,4967.33,21-05-2025
2130,28569,7,3644.22,04-08-2025
2131,59327,53,2084.13,28-02-2024
2132,22071,112,2490.42,08-05-2024
2133,15017,147,1869.72,08-01-2024
2134,5377,52,565.24,09-01-2025
2135,2046,176,2827.61,30-09-2025
2136,43191,31,3085.43,26-09-2024
2137,56244,145,700.44,05-05-2024
2138,53468,133,6272.32,03-04-2024
2139,41267,14,1621.86,27-11-2025
2140,28036,107,309.64,21-07-2025
2141,13360,29,615.26,22-01-2024
2142,18850,8,930.4,07-11-2024
2143,54664,48,1745.49,16-11-2024
2144,33427,165,1971.44,13-06-2025
2145,45550,58,2429.46,16-06-2025
2146,46967,43,7354.33,04-03-2024
2147,39598,158,1270.48,25-05-2025
2148,59933,86,1660.84,18-09-2024
2149,51892,120,4056.53,02-06-2024
2150,29359,77,2442.53,01-04-2024
2151,59550,74,1917.19,09-03-2025
2152,18254,153,1316.66,03-09-2025
2153,15634,146,2127.52,11-02-2024
2154,35490,101,1899.67,31-08-2025
2155,6635,33,1723.27,13-07-2025
2156,36588,156,5943.55,31-08-2025
2157,48382,98,712.86,08-01-2024
2158,1002,99,3257.94,08-01-2024
2159,36683,167,2011.85,31-08-2025
2160,37231,137,1473.91,29-01-2025
2161,18904,71,797.31,24-08-2025
2162,59855,69,929.42,14-03-2024
2163,12400,159,3353.69,05-02-2025
2164,33568,81,561.82,09-12-2024
2165,39723,139,5050.15,05-10-2024
2166,53134,109,1730.73,17-11-2024
2167,44670,52,3204.69,18-12-2025
2168,20183,56,1892.64,06-09-2024
2169,56593,83,1617.03,12-11-2024
2170,23727,85,2516.78,11-06-2025
2171,31170,34,7577.49,13-07-2024
2172,4677,143,4136.46,02-01-2024
2173,43102,172,3023.27,14-12-2025
2174,52155,179,4232.71,05-12-2024
2175,43626,19,4040.06,06-08-2024
2176,59896,49,2246.85,31-03-2025
2177,6340,171,4679.42,29-02-2024
2178,47447,108,5174.86,08-04-2025
2179,25295,139,1440.57,16-06-2024
2180,40167,99,1347.28,18-09-2025
2181,3477,92,5195.62,24-04-2025
2182,37713,106,2288.48,17-02-2024
2183,57326,20,5716.87,02-06-2025
2184,2005,136,1706.31,28-01-2025
2185,43155,172,1615.02,18-11-2025
2186,15326,45,2244.26,22-07-2024
2187,35176,59,506.78,23-04-2025
2188,4298,17,547.35,26-02-2025
2189,49800,113,6289.99,22-11-2024
2190,41604,51,984.55,02-09-2024
2191,56283,137,1006.78,08-12-2024
2192,18030,118,1425.2,22-04-2024
2193,31454,108,5956.38,09-09-2025
2194,3018,110,2322.03,09-12-2025
2195,33148,16,4633.65,01-08-2025
2196,30112,68,7441.78,21-10-2024
2197,19463,99,10207.38,28-03-2024
2198,58929,3,7011.76,17-11-2024
2199,58200,60,2151.84,01-04-2025
2200,18941,177,11481.2,02-08-2024
2201,9062,22,196.36,23-05-2025
2202,18307,175,2235.64,24-08-2024
2203,4956,60,1794.08,03-02-2025
2204,25,26,2718.19,12-11-2024
2205,36080,161,2976.61,22-05-2024
2206,28706,2,749.87,25-05-2024
2207,32535,74,3243.34,07-08-2024
2208,6949,78,2100.75,10-02-2024
2209,56368,66,1406.45,07-11-2024
2210,40461,50,1457,05-11-2025
2211,4422,62,2797.49,29-01-2024
2212,21229,70,808.49,28-09-2025
2213,2605,110,2355.4,29-10-2024
2214,37815,168,4248.47,15-08-2025
2215,23659,69,10874.58,05-12-2025
2216,38621,99,3062.67,10-06-2024
2217,8864,83,3539.12,19-07-2025
2218,29326,75,955.08,12-03-2024
2219,11201,53,2934.97,04-02-2024
2220,20382,26,2845.57,04-02-2025
2221,43400,81,1156.63,26-05-2024
2222,1559,136,3765.64,17-10-2025
2223,7792,106,2813.88,23-05-2025
2224,11063,56,4458.15,19-08-2024
2225,3177,110,3364.22,05-05-2025
2226,32948,27,1577.94,20-04-2024
2227,8434,8,2642.73,13-12-2025
2228,32188,143,2738.03,01-01-2024
2229,38581,5,4535.79,10-06-2025
2230,39481,29,1480.07,05-08-2025
2231,33751,140,2376.03,23-04-2024
2232,17741,134,3542.82,23-06-2024
2233,55154,159,3341.13,23-06-2025
2234,9868,119,6090.12,17-12-2024
2235,32034,79,3212.06,31-07-2024
2236,15196,162,3142,13-08-2024
2237,19553,125,333.43,30-11-2024
2238,30236,172,6463.65,01-07-2024
2239,57645,101,3139.69,21-08-2024
2240,5706,121,1981.32,19-11-2025
2241,52861,106,543.99,08-09-2025
2242,32609,125,2458.88,28-04-2024
2243,40575,168,3895.63,30-05-2024
2244,52306,199,5147.07,04-04-2024
2245,33107,105,3761.91,06-04-2025
2246,44740,46,202.33,17-05-2024
2247,56654,197,5233.75,09-04-2025
2248,49439,145,3839.01,25-01-2024
2249,38161,18,4062.77,23-01-2025
2250,37882,120,13202.29,03-02-2024
2251,50196,2,3990.14,24-03-2024
2252,35622,32,4936.32,24-05-2025
2253,1878,22,2735.72,19-11-2024
2254,51757,165,828.24,03-04-2024
2255,29454,194,5362.15,29-03-2024
2256,24883,41,1857.33,24-08-2024
2257,8004,75,445.37,11-04-2024
2258,13959,53,5862.49,30-06-2024
2259,56585,51,3688.84,29-05-2024
2260,41041,100,7173.59,23-11-2025
2261,30692,115,5319.42,03-01-2025
2262,53921,105,1034.78,18-12-2025
2263,28329,44,8219.54,31-10-2025
2264,48961,81,5523.55,29-11-2024
2265,5655,148,3650.57,25-02-2025
2266,41888,36,5165.8,28-07-2025
2267,31183,15,8166.18,08-08-2025
2268,52250,157,2387.85,18-12-2024
2269,30429,6,1007.72,22-01-2025
2270,3891,174,1677.41,31-03-2025
2271,46838,171,1680.74,31-10-2025
2272,29254,65,2786.15,07-12-2025
2273,58517,70,8991.31,27-08-2025
2274,32837,198,4595.41,06-02-2025
2275,32824,12,895.08,15-05-2024
2276,23712,199,2472.9,11-11-2024
2277,7447,32,3845.18,09-01-2024
2278,6994,193,4121.85,29-10-2025
2279,38985,45,2435.51,20-08-2025
2280,26742,45,6994.01,14-01-2024
2281,36088,148,1585.49,18-07-2024
2282,20875,19,3073.28,02-10-2025
2283,39802,82,3878.35,06-01-2024
2284,54461,140,824.75,29-01-2024
2285,32815,70,2428.38,14-08-2024
2286,49619,30,2102.27,04-06-2024
2287,13239,37,2513.88,15-04-2024
2288,26782,189,8760.27,09-03-2025
2289,40479,98,1684.38,10-12-2025
2290,40835,50,2999.36,13-07-2025
2291,54697,104,1013.27,24-06-2025
2292,29233,134,1659.34,05-12-2024
2293,54530,42,1166.33,29-11-2025
2294,29476,124,2041.55,31-10-2025
2295,14384,196,3068.06,14-05-2025
2296,32844,69,3153.9,07-10-2024
2297,37212,61,5562.08,07-07-2025
2298,8778,139,9203.34,23-06-2025
2299,42487,56,581.27,14-03-2024
2300,41448,124,6021.46,01-09-2024
2301,13825,108,2604.5,01-04-2024
2302,22266,50,3957.63,07-12-2025
2303,28532,7,934.97,26-03-2025
2304,39448,30,4776.14,24-09-2024
2305,55627,31,4141.16,12-04-2024
2306,25539,176,5221.77,22-08-2024
2307,30049,186,437.49,22-07-2024
2308,25172,131,5560.36,06-06-2025
2309,18852,164,2882.65,09-08-2025
2310,8080,37,1862.99,24-10-2025
2311,10068,75,589.78,22-05-2024
2312,44077,77,4091.15,20-04-2024
2313,59463,159,3883.28,21-12-2024
2314,44387,62,2221.62,05-12-2025
2315,23123,54,953.35,01-09-2024
2316,20299,48,1749.3,21-05-2024
2317,22425,80,3596.88,18-01-2024
2318,50469,9,1910.63,26-11-2025
2319,13775,84,230.21,17-07-2025
2320,35786,63,667.71,01-02-2024
2321,28080,98,583.29,10-10-2024
2322,27912,147,486.56,10-03-2025
2323,28376,22,3437.17,22-02-2025
2324,9292,171,1605.23,28-03-2024
2325,48703,67,5443.23,18-06-2024
2326,53314,52,5610.22,21-06-2024
2327,4782,62,1169.6,22-05-2024
2328,55008,33,3427.82,30-09-2024
2329,35502,49,3377.52,03-10-2025
2330,26552,93,4653.24,20-02-2025
2331,50425,72,2905.48,09-04-2024
2332,12260,104,651.58,01-10-2024
2333,8871,106,2175.83,17-08-2024
2334,520,181,4100.01,13-05-2025
2335,3451,126,3209.84,09-06-2025
2336,28674,101,10797.4,04-03-2025
2337,22418,105,1341.45,27-04-2025
2338,22046,26,11122.49,28-04-2024
2339,58125,12,2775.62,23-11-2024
2340,3072,82,2681.23,03-06-2024
2341,36078,58,6348.52,04-05-2024
2342,259,187,1777.89,11-09-2024
2343,59043,140,1618.72,17-11-2025
2344,14405,46,819.43,24-03-2025
2345,39543,83,2471.45,02-03-2024
2346,19607,143,1348.24,12-06-2024
2347,54336,191,2560.29,12-05-2024
2348,49417,145,1771.06,18-08-2024
2349,30585,20,3106.19,04-11-2024
2350,8017,50,2400.29,20-10-2024
2351,21548,161,2411.61,25-01-2024
2352,27731,71,2415.63,13-12-2025
2353,53403,186,2423.13,04-04-2024
2354,49883,22,792.9,23-10-2024
2355,37798,73,4331.2,07-04-2024
2356,19822,90,3384.79,13-12-2025
2357,24218,113,6642.73,15-02-2025
2358,11052,61,1712.71,11-09-2025
2359,38531,162,2247.45,09-11-2024
2360,36909,32,7643.68,27-10-2025
2361,32232,155,4730.89,30-12-2025
2362,41052,65,6421.69,21-05-2025
2363,4690,111,3698.53,12-04-2025
2364,48188,137,1325.82,21-08-2024
2365,45337,182,4654.87,24-08-2024
2366,37166,30,2174.24,17-08-2025
2367,6601,125,1290.29,13-05-2025
2368,55937,125,1564.27,21-05-2024
2369,48257,148,4393.8,16-05-2024
2370,55136,53,2514.9,25-04-2025
2371,55547,32,1992.38,21-08-2024
2372,42517,94,2037.63,03-07-2025
2373,37551,123,770.58,07-11-2025
2374,13407,172,1510.06,16-07-2024
2375,17949,134,1736.43,25-07-2025
2376,47292,30,2036.17,16-08-2024
2377,1337,198,965.68,14-01-2025
2378,38467,50,7004.14,13-02-2025
2379,17625,55,6297.46,01-01-2024
2380,56408,141,3829.29,11-09-2025
2381,3905,174,3093.76,01-10-2024
2382,29261,76,3855.72,27-02-2024
2383,7687,144,7246.69,31-01-2024
2384,10054,39,6255.72,06-02-2025
2385,38275,127,4656.84,19-09-2025
2386,5215,39,1945.88,17-12-2024
2387,57138,181,2441.58,26-07-2025
2388,54478,80,857.66,01-06-2024
2389,34459,122,1196.02,20-11-2025
2390,33246,139,2463.04,20-03-2025
2391,20061,30,5106.67,17-07-2024
2392,34298,10,4482.79,01-06-2024
2393,51751,155,2282.91,24-01-2025
2394,34723,92,1953.87,15-06-2024
2395,29166,101,1164.06,12-09-2024
2396,9952,38,4065.43,18-06-2024
2397,2681,113,2848.82,15-10-2025
2398,43099,169,1898.76,16-04-2025
2399,40550,183,2955.07,16-11-2025
2400,44059,124,1977.42,18-02-2024
2401,26908,49,1529.62,19-06-2025
2402,16770,140,4815.19,04-12-2024
2403,57332,171,531.55,05-03-2025
2404,33767,95,3416.96,17-06-2024
2405,15105,109,8162.04,15-11-2024
2406,9404,113,3694.04,08-08-2024
2407,26495,156,764.26,12-05-2024
2408,31230,103,3995.93,03-03-2024
2409,24507,52,5352.29,23-12-2025
2410,56055,17,545.7,21-10-2024
2411,30292,4,5833.01,27-09-2025
2412,51276,155,647.01,28-02-2024
2413,45880,173,4462.75,28-05-2024
2414,21695,46,4315.22,16-06-2024
2415,33273,47,4624.82,25-05-2025
2416,17734,67,5228.97,18-07-2024
2417,31390,137,5723.24,11-02-2024
2418,15879,181,4128.58,07-11-2025
2419,54480,74,662.22,18-11-2024
2420,51142,188,3229.87,13-10-2024
2421,33267,41,3823.66,25-05-2025
2422,32380,147,2748.1,14-12-2024
2423,59899,192,1990.99,19-11-2024
2424,29219,180,1582.16,20-02-2024
2425,841,17,2381.7,26-09-2024
2426,280,156,6337.66,24-10-2024
2427,36662,188,4468.6,09-06-2024
2428,7932,78,4712.79,30-07-2024
2429,45365,108,3412.33,19-08-2024
2430,49490,185,1636,01-06-2024
2431,26298,147,10162.28,13-10-2025
2432,35840,134,1062.86,17-12-2025
2433,15221,188,3276.57,29-01-2025
2434,26905,118,3203.86,15-08-2025
2435,39559,97,751.44,27-03-2025
2436,31405,44,3259.55,24-10-2025
2437,21593,123,3789.03,16-12-2024
2438,54889,59,2298.77,16-06-2025
2439,8663,106,2466.36,01-09-2024
2440,55759,89,3779.21,24-09-2024
2441,7837,56,4372.05,21-10-2025
2442,29110,46,1724.65,28-10-2025
2443,53461,147,7291.28,20-06-2025
2444,13390,109,1183.48,04-11-2024
2445,39867,14,2646.05,15-01-2025
2446,9490,85,1245.13,21-08-2024
2447,19032,20,2582.92,30-01-2025
2448,57178,155,2080.77,25-06-2024
2449,58313,87,3162.3,31-10-2024
2450,186,184,2601.42,08-08-2025
2451,50302,130,671.2,26-08-2024
2452,14336,196,5850.48,09-04-2024
2453,25533,45,4463.44,20-11-2025
2454,48044,53,1207.83,14-07-2025
2455,42720,116,1187.76,08-05-2024
2456,58337,73,3869.69,13-04-2024
2457,42488,150,3111.09,22-07-2025
2458,17558,161,873.77,24-06-2025
2459,54753,192,3419.55,05-11-2025
2460,41313,35,1662.42,07-07-2024
2461,59556,142,2582.98,29-01-2025
2462,49700,188,3520.13,21-04-2025
2463,22315,20,2702.67,05-02-2024
2464,46678,122,3244.25,06-07-2024
2465,39648,37,3097.2,12-08-2024
2466,19536,136,3058.21,20-04-2025
2467,1864,58,3078.58,04-11-2024
2468,54340,145,3046.72,03-04-2024
2469,47653,178,2848.8,28-11-2025
2470,7468,46,10352.8,17-03-2025
2471,43408,5,5072.75,18-02-2025
2472,9883,185,3607.22,03-08-2025
2473,34584,171,8860.55,10-10-2025
2474,18593,31,2435.95,05-01-2025
2475,43841,174,6038.23,28-09-2025
2476,58086,151,447.69,02-10-2024
2477,39397,72,1915.73,19-09-2024
2478,15405,72,2140.39,19-09-2025
2479,33305,60,1564.75,01-02-2024
2480,59513,67,1313.89,18-07-2024
2481,7734,98,5869.58,09-07-2024
2482,13933,44,1377.72,18-12-2024
2483,26889,108,1439.25,29-03-2025
2484,9386,193,2127.77,01-02-2024
2485,5580,132,3505.04,19-09-2024
2486,58287,45,2701.36,07-05-2024
2487,41427,12,1645.44,11-07-2024
2488,47706,153,2860.52,16-12-2025
2489,28559,27,3580.89,17-03-2024
2490,5374,103,2079.2,02-04-2025
2491,25105,138,1216.54,28-03-2024
2492,28900,148,1691.08,12-10-2025
2493,25097,4,1081.23,02-02-2025
2494,37757,77,1479.37,13-03-2025
2495,3440,143,4464.53,05-10-2025
2496,55492,102,1399.68,15-04-2024
2497,35376,53,356.47,10-01-2025
2498,1222,34,516.44,26-04-2025
2499,15599,84,2387.52,13-11-2024
2500,45461,111,2124.95,28-04-2024
